Unnamed: 0,PR-AUC,ROC-AUC,Max F1,Max F1 Precision,Max F1 Recall,runtime,status,model,subsample,preprocessor,postprocessor,seed,lr,latent_dim,dataset,n_trees,height
30,0.0270154220012511,0.7584869351250548,0.0654061710907187,0.0393624907338769,0.1933017837641063,829.5030047893524,Completed,xStream,500000,minmax,none,42,,,covertype,,
31,0.0433792971222806,0.7898412198555008,0.0982986767485822,0.0627198713438536,0.227156898434656,824.8353912830353,Completed,xStream,500000,minmax,none,43,,,covertype,,
32,0.0322348895907984,0.7396766406124247,0.0873347251217815,0.0836387870709763,0.091372406261376,831.2232058048248,Completed,xStream,500000,minmax,none,44,,,covertype,,
33,0.0317035208926983,0.7418865242687723,0.0756933115823817,0.053970223325062,0.1266836548962504,836.1472368240356,Completed,xStream,500000,minmax,none,45,,,covertype,,
34,0.0509934797498128,0.7822997170390383,0.1112423240434577,0.0823282642894598,0.1714597742992355,832.8739578723907,Completed,xStream,500000,minmax,none,46,,,covertype,,
35,0.0283381545385008,0.7525546788869918,0.071895916372114,0.0453080568720379,0.1740080087368037,823.9902250766754,Completed,xStream,500000,minmax,none,47,,,covertype,,
36,0.0280413320429942,0.7313937732942624,0.0646403663995003,0.0377117872107852,0.2260647979614124,835.0464315414429,Completed,xStream,500000,minmax,none,48,,,covertype,,
37,0.0332850554112019,0.7688034369451187,0.0793062957275765,0.0527390677558865,0.1598107025846377,835.3306727409363,Completed,xStream,500000,minmax,none,49,,,covertype,,
38,0.0322079912195042,0.7541409874529973,0.0821068938807126,0.0559292969265268,0.1543502002184201,831.8151426315308,Completed,xStream,500000,minmax,none,50,,,covertype,,
39,0.024080417682115,0.7167653793812392,0.0594400574300071,0.0490753911806543,0.0753549326538041,829.634566783905,Completed,xStream,500000,minmax,none,51,,,covertype,,
40,0.092828733529846,0.8518442883476002,0.1438304314912944,0.1497832085139929,0.1383327266108482,51.6269919872284,Completed,HST,500000,minmax,none,42,,,covertype,,
41,0.17363304542321,0.8842422674191457,0.260978670012547,0.2292642601267566,0.3028758645795413,46.13706135749817,Completed,HST,500000,minmax,none,43,,,covertype,,
42,0.1350904784731199,0.9166652822177924,0.2201720483730208,0.1674251042851725,0.3214415726246815,42.082602739334106,Completed,HST,500000,minmax,none,44,,,covertype,,
43,0.3254412810844626,0.9655308036028168,0.3632049134561698,0.2945438080144895,0.4736075718966145,55.34228157997131,Completed,HST,500000,minmax,none,45,,,covertype,,
44,0.0252316528622345,0.7326835106171675,0.0522696011004126,0.0318690095846645,0.1452493629413906,47.77426791191101,Completed,HST,500000,minmax,none,46,,,covertype,,
45,0.0396811453550239,0.8215636615480814,0.0801023420586498,0.0548887390424814,0.14816163087004,48.71186423301697,Completed,HST,500000,minmax,none,47,,,covertype,,
46,0.1211083697748774,0.8917144544173577,0.2038690476190476,0.1545984577769419,0.2992355296687295,53.85526895523071,Completed,HST,500000,minmax,none,48,,,covertype,,
47,0.0753064602245831,0.8540446291688661,0.1137766801905098,0.0750785705971365,0.2348016017473607,45.35572981834412,Completed,HST,500000,minmax,none,49,,,covertype,,
48,0.0541805135774244,0.7924642755683863,0.1360255047821466,0.1324594687823387,0.1397888605751729,54.39786386489868,Completed,HST,500000,minmax,none,50,,,covertype,,
49,0.1172223498969094,0.8292077127381436,0.1733181299885975,0.1813121272365805,0.1659992719330178,44.86359357833862,Completed,HST,500000,minmax,none,51,,,covertype,,
50,0.2982616041273359,0.9666441003106384,0.38435120203076,0.3258227848101266,0.4685111030214779,14364.111221790314,Completed,RRCF,500000,minmax,none,42,,,covertype,,
51,0.2957469553718095,0.9662010513997966,0.3734989648033126,0.3008003557136505,0.4925373134328358,14415.769449710846,Completed,RRCF,500000,minmax,none,43,,,covertype,,
52,0.3037614118271313,0.9685371397407732,0.3816727272727273,0.3178294573643411,0.4776119402985074,14567.199936628342,Completed,RRCF,500000,minmax,none,44,,,covertype,,
53,0.3145890638406972,0.9701527681262736,0.3929744395259175,0.3233082706766917,0.500910083727703,14481.116916179655,Completed,RRCF,500000,minmax,none,45,,,covertype,,
54,0.2953074470302722,0.9652493057087944,0.372261670947273,0.3181818181818182,0.4484892610120131,14514.161779403688,Completed,RRCF,500000,minmax,none,46,,,covertype,,
55,0.3101576217465186,0.9700806452894768,0.3914855611789223,0.3311508436162176,0.478704040771751,14442.749078512192,Completed,RRCF,500000,minmax,none,47,,,covertype,,
56,0.3065328822312035,0.969062002737612,0.3894216797442603,0.3240628778718258,0.4878048780487805,14434.099764108658,Completed,RRCF,500000,minmax,none,48,,,covertype,,
57,0.2909165158591468,0.9668949188861392,0.3733412852243924,0.3161616161616161,0.4557699308336367,14482.228281021118,Completed,RRCF,500000,minmax,none,49,,,covertype,,
58,0.2953721252369405,0.9683349084782878,0.3758337609030271,0.2901564666270548,0.5333090644339279,14465.704045534134,Completed,RRCF,500000,minmax,none,50,,,covertype,,
59,0.2962824909704331,0.9663822926655056,0.3824936673233887,0.3117687543014453,0.4947215143793229,14324.836714744568,Completed,RRCF,500000,minmax,none,51,,,covertype,,
90,0.0036114151208719,0.6829793124224263,0.0116298388436617,0.0063325493034195,0.0711382113821138,918.6307058334352,Completed,xStream,500000,minmax,none,42,,,creditcard,,
91,0.0055838148972748,0.7145793398167526,0.0313643491897543,0.0211118930330753,0.0609756097560975,921.9545328617096,Completed,xStream,500000,minmax,none,43,,,creditcard,,
92,0.005862375782871,0.742207361467421,0.0278047203362431,0.0165321030372933,0.0873983739837398,920.9867343902588,Completed,xStream,500000,minmax,none,44,,,creditcard,,
93,0.0065032732517634,0.7087797278839784,0.0526315789473684,0.0489510489510489,0.056910569105691,920.0084478855132,Completed,xStream,500000,minmax,none,45,,,creditcard,,
94,0.0036860569812966,0.7025228658983387,0.0107086197778952,0.0055342989887947,0.1646341463414634,922.0343034267426,Completed,xStream,500000,minmax,none,46,,,creditcard,,
95,0.005457191400862,0.6859986718898897,0.0258620689655172,0.0224550898203592,0.0304878048780487,922.4678182601928,Completed,xStream,500000,minmax,none,47,,,creditcard,,
96,0.0040720542530523,0.7028529239225529,0.0140834050543775,0.0073236227520546,0.1829268292682926,924.4233684539796,Completed,xStream,500000,minmax,none,48,,,creditcard,,
97,0.0046382541118082,0.7160798404494957,0.0191884240327146,0.010398908966928,0.1239837398373983,935.702374458313,Completed,xStream,500000,minmax,none,49,,,creditcard,,
98,0.0039562931600653,0.7186433939282677,0.01131156930126,0.0058622736717126,0.1605691056910569,921.4813466072084,Completed,xStream,500000,minmax,none,50,,,creditcard,,
99,0.005686535111558,0.7356054181859722,0.0242954324586977,0.0159642401021711,0.0508130081300813,920.9730381965636,Completed,xStream,500000,minmax,none,51,,,creditcard,,
100,0.2083273392219861,0.9072249711866304,0.2961956521739131,0.4467213114754098,0.2215447154471544,50.14359712600708,Completed,HST,500000,minmax,none,42,,,creditcard,,
101,0.2131684061778207,0.8998787021837826,0.319327731092437,0.5135135135135135,0.2317073170731707,49.49935173988342,Completed,HST,500000,minmax,none,43,,,creditcard,,
102,0.0628318411972477,0.8460169850542218,0.1528861154446177,0.1240506329113924,0.1991869918699187,50.17712092399597,Completed,HST,500000,minmax,none,44,,,creditcard,,
103,0.1792831960204777,0.9241480378813778,0.232258064516129,0.5625,0.1463414634146341,50.1088604927063,Completed,HST,500000,minmax,none,45,,,creditcard,,
104,0.2135437320309368,0.9110868992067512,0.2926829268292683,0.4390243902439024,0.2195121951219512,49.70546317100525,Completed,HST,500000,minmax,none,46,,,creditcard,,
105,0.1286044315759772,0.9149414424828524,0.2317429406037001,0.222429906542056,0.241869918699187,49.97344207763672,Completed,HST,500000,minmax,none,47,,,creditcard,,
106,0.078863126095321,0.8988663988999948,0.1517067003792667,0.110091743119266,0.2439024390243902,50.3349392414093,Completed,HST,500000,minmax,none,48,,,creditcard,,
107,0.1441126396776249,0.9152164723685468,0.2586826347305389,0.314868804664723,0.2195121951219512,49.58136367797852,Completed,HST,500000,minmax,none,49,,,creditcard,,
108,0.0707886384424461,0.9018963386396256,0.1411290322580645,0.14,0.1422764227642276,49.76246500015259,Completed,HST,500000,minmax,none,50,,,creditcard,,
109,0.0820842713884215,0.9102086579796912,0.1852198316183349,0.1715771230502599,0.2012195121951219,50.193037033081055,Completed,HST,500000,minmax,none,51,,,creditcard,,
110,0.098804222052135,0.9501617423363442,0.183385579937304,0.149234693877551,0.2378048780487804,21160.722588062286,Completed,RRCF,500000,minmax,none,42,,,creditcard,,
111,0.1157262118335531,0.9518628642312312,0.2034587995930823,0.1356852103120759,0.4065040650406504,21205.298870563507,Completed,RRCF,500000,minmax,none,43,,,creditcard,,
112,0.1020614542988086,0.9502378988494524,0.2041696621135873,0.1579532814238042,0.2886178861788618,20906.54666018486,Completed,RRCF,500000,minmax,none,44,,,creditcard,,
113,0.0962625359503978,0.9509459764154296,0.1891288160833953,0.1492361927144536,0.258130081300813,21247.436860084534,Completed,RRCF,500000,minmax,none,45,,,creditcard,,
114,0.0984883113147309,0.9491760398584588,0.1898305084745763,0.1627906976744186,0.2276422764227642,21411.12394094467,Completed,RRCF,500000,minmax,none,46,,,creditcard,,
115,0.1017424260113561,0.9488122929608732,0.1932038834951456,0.1269132653061224,0.4044715447154471,21072.897101402283,Completed,RRCF,500000,minmax,none,47,,,creditcard,,
116,0.1003959759320534,0.9490521934834386,0.1854838709677419,0.1189655172413793,0.4207317073170731,21744.07856845856,Completed,RRCF,500000,minmax,none,48,,,creditcard,,
117,0.1022887048106457,0.950661603005598,0.1900519673348181,0.1497076023391813,0.2601626016260163,21245.79704451561,Completed,RRCF,500000,minmax,none,49,,,creditcard,,
118,0.1084951247275708,0.9498083683947826,0.1971481711097334,0.1418376449598572,0.3231707317073171,21278.07616686821,Completed,RRCF,500000,minmax,none,50,,,creditcard,,
119,0.1096432207119908,0.9511628934413608,0.1989100817438691,0.1495901639344262,0.2967479674796748,21406.695703983307,Completed,RRCF,500000,minmax,none,51,,,creditcard,,
150,0.1172803923010769,0.7105404187324947,0.217244617578519,0.1237321711568938,0.8894901737396753,140.3838288784027,Completed,xStream,500000,minmax,none,42,,,shuttle,,
151,0.120806957954921,0.7323770422102764,0.2318510370835952,0.1344725449988608,0.8405012816861293,141.54919743537903,Completed,xStream,500000,minmax,none,43,,,shuttle,,
152,0.1124384403356109,0.7165670526522288,0.2292970973249858,0.1310109345148571,0.9179720877242952,141.38491582870483,Completed,xStream,500000,minmax,none,44,,,shuttle,,
153,0.1188136959890119,0.7198060097125913,0.2205243820975283,0.1292011154053128,0.752207348333808,140.18303608894348,Completed,xStream,500000,minmax,none,45,,,shuttle,,
154,0.1119362954661913,0.7142069700078186,0.2234708916728076,0.1332893797044118,0.6909712332668755,140.75646448135376,Completed,xStream,500000,minmax,none,46,,,shuttle,,
155,0.1305692048695565,0.7543469157603502,0.2452725487685149,0.1442558746736292,0.8182853887781258,140.62840175628662,Completed,xStream,500000,minmax,none,47,,,shuttle,,
156,0.1148301614463141,0.710240154655306,0.2269169944446697,0.1322931442080378,0.796923953289661,140.79361844062805,Completed,xStream,500000,minmax,none,48,,,shuttle,,
157,0.1168578665864593,0.7205746671312976,0.2267585993182522,0.1312261824702981,0.8336656223298206,141.34729480743408,Completed,xStream,500000,minmax,none,49,,,shuttle,,
158,0.1102617401550183,0.707115716307141,0.2205342030301779,0.128959057551178,0.760751922529194,140.77502179145813,Completed,xStream,500000,minmax,none,50,,,shuttle,,
159,0.128086532474502,0.7575517902425559,0.2618662015697022,0.1532814778804083,0.8980347479350612,141.11911010742188,Completed,xStream,500000,minmax,none,51,,,shuttle,,
160,0.7326590912392967,0.9706962741450388,0.8317535545023695,0.7733170134638923,0.8997436627741384,7.637419939041138,Completed,HST,500000,minmax,none,42,,,shuttle,,
161,0.6409060368775241,0.9680694820496528,0.8372582554926984,0.7779951100244499,0.906294502990601,7.663385391235352,Completed,HST,500000,minmax,none,43,,,shuttle,,
162,0.7697765118156615,0.9634818233268364,0.7853450896929157,0.8421910661884577,0.7356878382227285,7.662497043609619,Completed,HST,500000,minmax,none,44,,,shuttle,,
163,0.8741122614713197,0.9766939737990632,0.8921623123957755,0.8710990502035278,0.9142694389062944,7.506731271743774,Completed,HST,500000,minmax,none,45,,,shuttle,,
164,0.543553284477303,0.9518015426018543,0.6629480425575871,0.520097244732577,0.9139846197664484,7.551094055175781,Completed,HST,500000,minmax,none,46,,,shuttle,,
165,0.7977185566927071,0.9728391217463808,0.8373157092018303,0.7560247876979573,0.9381942466533753,7.489125490188599,Completed,HST,500000,minmax,none,47,,,shuttle,,
166,0.664279815381966,0.963527664550656,0.7433928168059635,0.6159460976979225,0.9373397892338364,7.640281915664673,Completed,HST,500000,minmax,none,48,,,shuttle,,
167,0.7300635561083011,0.9710392648419756,0.8247185261003072,0.748664343786295,0.9179720877242952,7.590442657470703,Completed,HST,500000,minmax,none,49,,,shuttle,,
168,0.8142998991717758,0.97302173688742,0.852086293760496,0.7796690307328605,0.93933352321276,7.617366790771484,Completed,HST,500000,minmax,none,50,,,shuttle,,
169,0.8933113065279279,0.9751451721018995,0.9010615711252654,0.8956105796285875,0.9065793221304472,7.651494264602661,Completed,HST,500000,minmax,none,51,,,shuttle,,
170,0.4734873001618662,0.949344035641917,0.5711451559572357,0.4658396260338008,0.7379663913414981,2611.4996275901794,Completed,RRCF,500000,minmax,none,42,,,shuttle,,
171,0.4827298380584887,0.9527560422288078,0.588981288981289,0.4637420199705352,0.806892623184278,2601.6307260990143,Completed,RRCF,500000,minmax,none,43,,,shuttle,,
172,0.4419774994622404,0.9396220911238058,0.5313856250661585,0.422843665768194,0.7148960410139561,2630.574708461761,Completed,RRCF,500000,minmax,none,44,,,shuttle,,
173,0.4558858241552592,0.9476267985307766,0.5604870384917517,0.4276936909935561,0.8128738251210481,2606.7661731243134,Completed,RRCF,500000,minmax,none,45,,,shuttle,,
174,0.4268236347198434,0.936860846225368,0.516338542723767,0.4010720479268485,0.7245798917687268,2629.82439661026,Completed,RRCF,500000,minmax,none,46,,,shuttle,,
175,0.4525387724511326,0.945689627261304,0.5533884297520661,0.451294033069734,0.7151808601538023,2627.87549328804,Completed,RRCF,500000,minmax,none,47,,,shuttle,,
176,0.4532347593547779,0.9442733290061684,0.5429618001046572,0.429185969556585,0.7388208487610367,2608.974051952362,Completed,RRCF,500000,minmax,none,48,,,shuttle,,
177,0.4670471557041096,0.9495124929237256,0.5713995324728123,0.4442161820480405,0.8006266021076617,2605.1826984882355,Completed,RRCF,500000,minmax,none,49,,,shuttle,,
178,0.481113392976151,0.9528648503128782,0.5894889302710532,0.4628757108042242,0.8114497294218171,2580.4911682605743,Completed,RRCF,500000,minmax,none,50,,,shuttle,,
179,0.4782461917512005,0.9520431509056724,0.5829796264855688,0.4645695924234737,0.782398177157505,2618.888762950897,Completed,RRCF,500000,minmax,none,51,,,shuttle,,
0,0.3394650267646346,0.9340199349098852,0.3955144179423283,0.3869731800766283,0.4044412085911903,443.80263233184814,Completed,ILOF,500000,minmax,none,42,,,covertype,,
1,0.3394650267646346,0.9340199349098852,0.3955144179423283,0.3869731800766283,0.4044412085911903,443.4129409790039,Completed,ILOF,500000,minmax,none,43,,,covertype,,
2,0.3394650267646346,0.9340199349098852,0.3955144179423283,0.3869731800766283,0.4044412085911903,447.66737389564514,Completed,ILOF,500000,minmax,none,44,,,covertype,,
3,0.3394650267646346,0.9340199349098852,0.3955144179423283,0.3869731800766283,0.4044412085911903,443.9795331954956,Completed,ILOF,500000,minmax,none,45,,,covertype,,
4,0.3394650267646346,0.9340199349098852,0.3955144179423283,0.3869731800766283,0.4044412085911903,451.119439125061,Completed,ILOF,500000,minmax,none,46,,,covertype,,
5,0.3394650267646346,0.9340199349098852,0.3955144179423283,0.3869731800766283,0.4044412085911903,447.6899015903473,Completed,ILOF,500000,minmax,none,47,,,covertype,,
6,0.3394650267646346,0.9340199349098852,0.3955144179423283,0.3869731800766283,0.4044412085911903,449.535628080368,Completed,ILOF,500000,minmax,none,48,,,covertype,,
7,0.3394650267646346,0.9340199349098852,0.3955144179423283,0.3869731800766283,0.4044412085911903,444.85549998283386,Completed,ILOF,500000,minmax,none,49,,,covertype,,
8,0.3394650267646346,0.9340199349098852,0.3955144179423283,0.3869731800766283,0.4044412085911903,445.3145763874054,Completed,ILOF,500000,minmax,none,50,,,covertype,,
9,0.3394650267646346,0.9340199349098852,0.3955144179423283,0.3869731800766283,0.4044412085911903,445.0256834030152,Completed,ILOF,500000,minmax,none,51,,,covertype,,
10,0.1266984096942448,0.921962500369952,0.2699055330634278,0.202020202020202,0.4065040650406504,536.6699006557465,Completed,ILOF,500000,minmax,none,42,,,creditcard,,
11,0.1266984096942448,0.921962500369952,0.2699055330634278,0.202020202020202,0.4065040650406504,536.856160402298,Completed,ILOF,500000,minmax,none,43,,,creditcard,,
12,0.1266984096942448,0.921962500369952,0.2699055330634278,0.202020202020202,0.4065040650406504,538.6141440868378,Completed,ILOF,500000,minmax,none,44,,,creditcard,,
13,0.1266984096942448,0.921962500369952,0.2699055330634278,0.202020202020202,0.4065040650406504,536.6128568649292,Completed,ILOF,500000,minmax,none,45,,,creditcard,,
14,0.1266984096942448,0.921962500369952,0.2699055330634278,0.202020202020202,0.4065040650406504,538.9760663509369,Completed,ILOF,500000,minmax,none,46,,,creditcard,,
15,0.1266984096942448,0.921962500369952,0.2699055330634278,0.202020202020202,0.4065040650406504,536.4298920631409,Completed,ILOF,500000,minmax,none,47,,,creditcard,,
16,0.1266984096942448,0.921962500369952,0.2699055330634278,0.202020202020202,0.4065040650406504,537.1639521121979,Completed,ILOF,500000,minmax,none,48,,,creditcard,,
17,0.1266984096942448,0.921962500369952,0.2699055330634278,0.202020202020202,0.4065040650406504,537.5274574756622,Completed,ILOF,500000,minmax,none,49,,,creditcard,,
18,0.1266984096942448,0.921962500369952,0.2699055330634278,0.202020202020202,0.4065040650406504,541.0693917274475,Completed,ILOF,500000,minmax,none,50,,,creditcard,,
19,0.1266984096942448,0.921962500369952,0.2699055330634278,0.202020202020202,0.4065040650406504,534.9579775333405,Completed,ILOF,500000,minmax,none,51,,,creditcard,,
20,0.1926093195177775,0.5506131283991749,0.2831004657351962,0.3402638944422231,0.2423810880091142,91.74162697792052,Completed,ILOF,500000,minmax,none,42,,,shuttle,,
21,0.1926093195177775,0.5506131283991749,0.2831004657351962,0.3402638944422231,0.2423810880091142,92.01130843162537,Completed,ILOF,500000,minmax,none,43,,,shuttle,,
22,0.1926093195177775,0.5506131283991749,0.2831004657351962,0.3402638944422231,0.2423810880091142,91.30612659454346,Completed,ILOF,500000,minmax,none,44,,,shuttle,,
23,0.1926093195177775,0.5506131283991749,0.2831004657351962,0.3402638944422231,0.2423810880091142,92.49474787712096,Completed,ILOF,500000,minmax,none,45,,,shuttle,,
24,0.1926093195177775,0.5506131283991749,0.2831004657351962,0.3402638944422231,0.2423810880091142,91.30362343788148,Completed,ILOF,500000,minmax,none,46,,,shuttle,,
25,0.1926093195177775,0.5506131283991749,0.2831004657351962,0.3402638944422231,0.2423810880091142,90.52678275108336,Completed,ILOF,500000,minmax,none,47,,,shuttle,,
26,0.1926093195177775,0.5506131283991749,0.2831004657351962,0.3402638944422231,0.2423810880091142,91.08907890319824,Completed,ILOF,500000,minmax,none,48,,,shuttle,,
27,0.1926093195177775,0.5506131283991749,0.2831004657351962,0.3402638944422231,0.2423810880091142,89.88677501678467,Completed,ILOF,500000,minmax,none,49,,,shuttle,,
28,0.1926093195177775,0.5506131283991749,0.2831004657351962,0.3402638944422231,0.2423810880091142,91.01511478424072,Completed,ILOF,500000,minmax,none,50,,,shuttle,,
29,0.1926093195177775,0.5506131283991749,0.2831004657351962,0.3402638944422231,0.2423810880091142,91.82012605667114,Completed,ILOF,500000,minmax,none,51,,,shuttle,,
0,0.0604220993334661,0.8319114646124968,0.1228310022084341,0.0863649807749186,0.2125955587914088,1264.0123734474182,Completed,HST,500000,minmax,none,42,,,covertype,25.0,15.0
1,0.3147455872068377,0.9542261014723108,0.3252482091240417,0.2483685220729366,0.4710593374590462,1261.641775846481,Completed,HST,500000,minmax,none,43,,,covertype,25.0,15.0
2,0.1869919096978519,0.937753048561882,0.273787246293364,0.2264285714285714,0.3461958500182017,1259.9121553897858,Completed,HST,500000,minmax,none,44,,,covertype,25.0,15.0
3,0.1382125951295785,0.9351198454351892,0.2261874197689345,0.1746976006345429,0.3207135056425191,1265.6770792007446,Completed,HST,500000,minmax,none,45,,,covertype,25.0,15.0
4,0.1191921991484319,0.922115777874497,0.1959114139693356,0.147139462621093,0.2930469603203495,1266.6473460197449,Completed,HST,500000,minmax,none,46,,,covertype,25.0,15.0
5,0.1337366983907192,0.9225356594056702,0.2205534696147962,0.1784428442844284,0.2886785584273753,1259.8517475128174,Completed,HST,500000,minmax,none,47,,,covertype,25.0,15.0
6,0.186978463205442,0.9128079433785669,0.2571970895286302,0.2274125874125874,0.2959592282489989,1265.9575662612915,Completed,HST,500000,minmax,none,48,,,covertype,25.0,15.0
7,0.1237016714301856,0.9020236743083287,0.177939646201873,0.1384335154826958,0.2489989078995267,1265.1126391887665,Completed,HST,500000,minmax,none,49,,,covertype,25.0,15.0
8,0.094623047279576,0.8837956629943107,0.1650968356439835,0.1163831692032229,0.28394612304332,1270.840276479721,Completed,HST,500000,minmax,none,50,,,covertype,25.0,15.0
9,0.0540842258523327,0.8455024592559973,0.1157181144568816,0.1020578420467185,0.1336002912267928,1263.5687074661255,Completed,HST,500000,minmax,none,51,,,covertype,25.0,15.0
10,0.1796249051643531,0.9237409976538962,0.2391304347826086,0.506578947368421,0.1565040650406504,1283.6167669296265,Completed,HST,500000,minmax,none,42,,,creditcard,25.0,15.0
11,0.082791809389031,0.9390475667590152,0.200956937799043,0.1360691144708423,0.3841463414634146,1292.5103039741516,Completed,HST,500000,minmax,none,43,,,creditcard,25.0,15.0
12,0.1784229809387749,0.9338504512843522,0.3014416775884665,0.4243542435424354,0.2337398373983739,1286.7963597774506,Completed,HST,500000,minmax,none,44,,,creditcard,25.0,15.0
13,0.1437047290734386,0.932709579821648,0.270440251572327,0.2792207792207792,0.2621951219512195,1293.3759388923645,Completed,HST,500000,minmax,none,45,,,creditcard,25.0,15.0
14,0.1516943714557001,0.9265047041462802,0.2357019064124783,0.2054380664652568,0.2764227642276423,1293.8364973068235,Completed,HST,500000,minmax,none,46,,,creditcard,25.0,15.0
15,0.2136894823108445,0.9318224240004036,0.3163686382393397,0.4893617021276595,0.2337398373983739,1289.0706553459167,Completed,HST,500000,minmax,none,47,,,creditcard,25.0,15.0
16,0.1984969208251181,0.938799280655874,0.2736535662299855,0.2131519274376417,0.3821138211382114,1281.132470846176,Completed,HST,500000,minmax,none,48,,,creditcard,25.0,15.0
17,0.1675514136858551,0.931859179722937,0.3011015911872705,0.3784615384615384,0.25,1285.1131625175476,Completed,HST,500000,minmax,none,49,,,creditcard,25.0,15.0
18,0.1827330664041052,0.9319258247143434,0.3186813186813186,0.4915254237288136,0.2357723577235772,1289.7901685237885,Completed,HST,500000,minmax,none,50,,,creditcard,25.0,15.0
19,0.2092753137896808,0.9213471538853404,0.3255208333333333,0.4528985507246377,0.2540650406504065,1284.6357426643372,Completed,HST,500000,minmax,none,51,,,creditcard,25.0,15.0
20,0.7448523068390269,0.9721201511659496,0.8298766080336046,0.7696615534453373,0.9003133010538308,234.9981291294098,Completed,HST,500000,minmax,none,42,,,shuttle,25.0,15.0
21,0.7262223252069477,0.9708688207114312,0.8302465193511303,0.7526632700324224,0.9256622045001424,235.2109632492065,Completed,HST,500000,minmax,none,43,,,shuttle,25.0,15.0
22,0.8609158576071658,0.981245700549931,0.8925389755011137,0.8728559760413831,0.9131301623469096,234.318598985672,Completed,HST,500000,minmax,none,44,,,shuttle,25.0,15.0
23,0.8546833668637683,0.9791730924249668,0.8862012094557449,0.8563081009296148,0.9182569068641412,236.08322429656985,Completed,HST,500000,minmax,none,45,,,shuttle,25.0,15.0
24,0.7115992311537516,0.9735228663734388,0.8456081516832193,0.7727487034417727,0.933637140415836,235.9534206390381,Completed,HST,500000,minmax,none,46,,,shuttle,25.0,15.0
25,0.7170101972669681,0.972446141185496,0.8500581170089112,0.7776465028355387,0.9373397892338364,235.0313699245453,Completed,HST,500000,minmax,none,47,,,shuttle,25.0,15.0
26,0.7837733896671658,0.9744496125976104,0.8306790673971207,0.7514983863531581,0.9285103958986044,235.94630408287048,Completed,HST,500000,minmax,none,48,,,shuttle,25.0,15.0
27,0.7666533324001166,0.9756647799059566,0.8610634648370498,0.8021140609636185,0.929364853318143,236.0052261352539,Completed,HST,500000,minmax,none,49,,,shuttle,25.0,15.0
28,0.8132393876981228,0.9759098464512064,0.8551310470726301,0.7886002886002886,0.933921959555682,235.39029622077945,Completed,HST,500000,minmax,none,50,,,shuttle,25.0,15.0
29,0.817710727343706,0.975912932939494,0.8458183683940481,0.7694282380396733,0.9390487040729136,235.94010853767395,Completed,HST,500000,minmax,none,51,,,shuttle,25.0,15.0
0,0.2053209327395073,0.9049046827541756,0.324617260533803,0.2585239533880017,0.436112122315253,60.14191365242005,Completed,Kit-Net,500000,minmax,none,42,,,covertype,,
1,0.2053209327395073,0.9049046827541756,0.324617260533803,0.2585239533880017,0.436112122315253,56.57725548744202,Completed,Kit-Net,500000,minmax,none,43,,,covertype,,
2,0.2053209327395073,0.9049046827541756,0.324617260533803,0.2585239533880017,0.436112122315253,56.24459290504456,Completed,Kit-Net,500000,minmax,none,44,,,covertype,,
3,0.2053209327395073,0.9049046827541756,0.324617260533803,0.2585239533880017,0.436112122315253,57.09757781028748,Completed,Kit-Net,500000,minmax,none,45,,,covertype,,
4,0.2053209327395073,0.9049046827541756,0.324617260533803,0.2585239533880017,0.436112122315253,57.8489682674408,Completed,Kit-Net,500000,minmax,none,46,,,covertype,,
5,0.2053209327395073,0.9049046827541756,0.324617260533803,0.2585239533880017,0.436112122315253,56.30606818199158,Completed,Kit-Net,500000,minmax,none,47,,,covertype,,
6,0.2053209327395073,0.9049046827541756,0.324617260533803,0.2585239533880017,0.436112122315253,57.12525033950806,Completed,Kit-Net,500000,minmax,none,48,,,covertype,,
7,0.2053209327395073,0.9049046827541756,0.324617260533803,0.2585239533880017,0.436112122315253,56.24194383621216,Completed,Kit-Net,500000,minmax,none,49,,,covertype,,
8,0.2053209327395073,0.9049046827541756,0.324617260533803,0.2585239533880017,0.436112122315253,57.39926099777222,Completed,Kit-Net,500000,minmax,none,50,,,covertype,,
9,0.2053209327395073,0.9049046827541756,0.324617260533803,0.2585239533880017,0.436112122315253,57.54987573623657,Completed,Kit-Net,500000,minmax,none,51,,,covertype,,
10,0.1409533529341566,0.9432182886009436,0.2618510158013544,0.2944162436548223,0.2357723577235772,362.0399239063263,Completed,Kit-Net,500000,minmax,none,42,,,creditcard,,
11,0.1409533529341566,0.9432182886009436,0.2618510158013544,0.2944162436548223,0.2357723577235772,363.0336809158325,Completed,Kit-Net,500000,minmax,none,43,,,creditcard,,
12,0.1409533529341566,0.9432182886009436,0.2618510158013544,0.2944162436548223,0.2357723577235772,363.409975528717,Completed,Kit-Net,500000,minmax,none,44,,,creditcard,,
13,0.1409533529341566,0.9432182886009436,0.2618510158013544,0.2944162436548223,0.2357723577235772,362.6750681400299,Completed,Kit-Net,500000,minmax,none,45,,,creditcard,,
14,0.1409533529341566,0.9432182886009436,0.2618510158013544,0.2944162436548223,0.2357723577235772,362.8067457675934,Completed,Kit-Net,500000,minmax,none,46,,,creditcard,,
15,0.1409533529341566,0.9432182886009436,0.2618510158013544,0.2944162436548223,0.2357723577235772,360.3028254508972,Completed,Kit-Net,500000,minmax,none,47,,,creditcard,,
16,0.1409533529341566,0.9432182886009436,0.2618510158013544,0.2944162436548223,0.2357723577235772,368.5138244628906,Completed,Kit-Net,500000,minmax,none,48,,,creditcard,,
17,0.1409533529341566,0.9432182886009436,0.2618510158013544,0.2944162436548223,0.2357723577235772,358.9041268825531,Completed,Kit-Net,500000,minmax,none,49,,,creditcard,,
18,0.1409533529341566,0.9432182886009436,0.2618510158013544,0.2944162436548223,0.2357723577235772,355.6938557624817,Completed,Kit-Net,500000,minmax,none,50,,,creditcard,,
19,0.1409533529341566,0.9432182886009436,0.2618510158013544,0.2944162436548223,0.2357723577235772,355.7174997329712,Completed,Kit-Net,500000,minmax,none,51,,,creditcard,,
20,0.2594256678953348,0.8033722896056209,0.3308774279973208,0.3123419322205362,0.3517516377100541,10.471996545791626,Completed,Kit-Net,500000,minmax,none,42,,,shuttle,,
21,0.2594256678953348,0.8033722896056209,0.3308774279973208,0.3123419322205362,0.3517516377100541,10.385396242141724,Completed,Kit-Net,500000,minmax,none,43,,,shuttle,,
22,0.2594256678953348,0.8033722896056209,0.3308774279973208,0.3123419322205362,0.3517516377100541,9.857447385787964,Completed,Kit-Net,500000,minmax,none,44,,,shuttle,,
23,0.2594256678953348,0.8033722896056209,0.3308774279973208,0.3123419322205362,0.3517516377100541,9.870810985565186,Completed,Kit-Net,500000,minmax,none,45,,,shuttle,,
24,0.2594256678953348,0.8033722896056209,0.3308774279973208,0.3123419322205362,0.3517516377100541,10.367583990097046,Completed,Kit-Net,500000,minmax,none,46,,,shuttle,,
25,0.2594256678953348,0.8033722896056209,0.3308774279973208,0.3123419322205362,0.3517516377100541,10.317159175872805,Completed,Kit-Net,500000,minmax,none,47,,,shuttle,,
26,0.2594256678953348,0.8033722896056209,0.3308774279973208,0.3123419322205362,0.3517516377100541,10.286287307739258,Completed,Kit-Net,500000,minmax,none,48,,,shuttle,,
27,0.2594256678953348,0.8033722896056209,0.3308774279973208,0.3123419322205362,0.3517516377100541,10.421523332595823,Completed,Kit-Net,500000,minmax,none,49,,,shuttle,,
28,0.2594256678953348,0.8033722896056209,0.3308774279973208,0.3123419322205362,0.3517516377100541,10.385526418685911,Completed,Kit-Net,500000,minmax,none,50,,,shuttle,,
29,0.2594256678953348,0.8033722896056209,0.3308774279973208,0.3123419322205362,0.3517516377100541,10.473185539245604,Completed,Kit-Net,500000,minmax,none,51,,,shuttle,,
0,0.2843921319284396,0.9642939119859072,0.3875420875420876,0.3604760413404322,0.4190025482344375,97.67156338691711,Completed,AE,500000,minmax,none,42,0.02,0.1,covertype,,
1,0.2607857253820977,0.9619042159512956,0.3648939440516446,0.3157754722000532,0.43210775391336,93.1544337272644,Completed,AE,500000,minmax,none,43,0.02,0.1,covertype,,
2,0.2941439395977155,0.9642193862538564,0.4046740467404674,0.3502794783071599,0.4790680742628321,91.8821017742157,Completed,AE,500000,minmax,none,44,0.02,0.1,covertype,,
3,0.2798213145222061,0.9670180473508552,0.3879216539717084,0.3096634093376764,0.5191117582817619,92.67043876647948,Completed,AE,500000,minmax,none,45,0.02,0.1,covertype,,
4,0.2623569557875039,0.9667609786777522,0.3703593260772327,0.3136363636363636,0.4521295959228249,91.23657870292664,Completed,AE,500000,minmax,none,46,0.02,0.1,covertype,,
5,0.2774974697947558,0.9264534554749748,0.3716189729517836,0.4025477707006369,0.3451037495449581,95.32528781890868,Completed,AE,500000,minmax,none,47,0.02,0.1,covertype,,
6,0.2628668198929654,0.9601156240814908,0.3581686095624261,0.3341740226986128,0.3858755005460502,91.23718786239624,Completed,AE,500000,minmax,none,48,0.02,0.1,covertype,,
7,0.1920299830487662,0.9543464460479528,0.2916798481493198,0.2579020979020979,0.3356388787768474,93.46223735809326,Completed,AE,500000,minmax,none,49,0.02,0.1,covertype,,
8,0.2871225592527733,0.9311277716331832,0.3756013084471811,0.3983673469387755,0.3552966872952312,95.63740253448486,Completed,AE,500000,minmax,none,50,0.02,0.1,covertype,,
9,0.2562273730414303,0.9601409714139926,0.35284472864404,0.3210023866348448,0.3917000364033491,94.32827663421632,Completed,AE,500000,minmax,none,51,0.02,0.1,covertype,,
10,0.5192751788903972,0.9830856373866044,0.551298822649972,0.5664362519201229,0.5369493993447397,150.65450596809387,Completed,DAE,500000,minmax,none,42,0.02,,covertype,,
11,0.507992915250601,0.9860092721662784,0.5366442490084498,0.509829619921363,0.5664361121223153,151.04068779945374,Completed,DAE,500000,minmax,none,43,0.02,,covertype,,
12,0.4962597505250949,0.9856284222633322,0.53802723347725,0.4946564885496183,0.5897342555515107,149.18955850601196,Completed,DAE,500000,minmax,none,44,0.02,,covertype,,
13,0.5164430752431997,0.9827553806359745,0.5482233502538071,0.5911578947368421,0.5111030214779759,151.42326617240906,Completed,DAE,500000,minmax,none,45,0.02,,covertype,,
14,0.488396380278519,0.9838160018964212,0.5366773524420139,0.5567292644757433,0.5180196578085183,152.4857816696167,Completed,DAE,500000,minmax,none,46,0.02,,covertype,,
15,0.528014074415643,0.9839357161939232,0.5541579315164221,0.5327510917030568,0.5773571168547507,150.41902256011963,Completed,DAE,500000,minmax,none,47,0.02,,covertype,,
16,0.4673206425965643,0.9835369769285576,0.5195549561699259,0.4838304552590267,0.5609756097560976,151.03947377204895,Completed,DAE,500000,minmax,none,48,0.02,,covertype,,
17,0.4622884479837263,0.9814743149380004,0.5167846125929958,0.5151953690303908,0.5183836912995996,166.73838567733765,Completed,DAE,500000,minmax,none,49,0.02,,covertype,,
18,0.5243267986226152,0.9861916364963998,0.5591975640336737,0.5504231311706629,0.5682562795777212,149.71212816238403,Completed,DAE,500000,minmax,none,50,0.02,,covertype,,
19,0.4958711365576659,0.98617990471369,0.5439421338155516,0.5404240028745958,0.547506370586094,154.7355077266693,Completed,DAE,500000,minmax,none,51,0.02,,covertype,,
20,0.4256826403107516,0.9783685149986672,0.4421441774491682,0.4491175366128426,0.4353840553330906,167.6983106136322,Completed,PW-AE,500000,minmax,none,42,0.1,,covertype,,
21,0.4871429535091314,0.9842088919750518,0.5228367380833748,0.4807574832009774,0.5729887149617765,166.92918229103088,Completed,PW-AE,500000,minmax,none,43,0.1,,covertype,,
22,0.4341623247748756,0.9826087963156632,0.478688524590164,0.4790375501275975,0.4783400072806698,167.5682418346405,Completed,PW-AE,500000,minmax,none,44,0.1,,covertype,,
23,0.3585808918869719,0.9766859666228316,0.3979057591623037,0.4452456061288868,0.3596650891882053,171.20417761802673,Completed,PW-AE,500000,minmax,none,45,0.1,,covertype,,
24,0.4795017422385222,0.9826657166638244,0.520893371757925,0.5155080213903743,0.5263924281033855,168.74277424812317,Completed,PW-AE,500000,minmax,none,46,0.1,,covertype,,
25,0.5118533600690394,0.9836019077842122,0.5459013515885555,0.5271186440677966,0.5660720786312341,165.27729845046997,Completed,PW-AE,500000,minmax,none,47,0.1,,covertype,,
26,0.4157404426285059,0.982192267915594,0.4824735449735449,0.4419872765828537,0.5311248634874408,170.11653447151184,Completed,PW-AE,500000,minmax,none,48,0.1,,covertype,,
27,0.4051778349046293,0.980600644068189,0.4632227163872733,0.4369151339141658,0.492901346923917,164.72165322303772,Completed,PW-AE,500000,minmax,none,49,0.1,,covertype,,
28,0.5096116820738892,0.984717751946494,0.5342349957734573,0.4987373737373737,0.5751729159082636,169.4250524044037,Completed,PW-AE,500000,minmax,none,50,0.1,,covertype,,
29,0.4789510882894143,0.9854197610073444,0.5197835644234021,0.4853173350173665,0.5595194757917729,166.43148279190063,Completed,PW-AE,500000,minmax,none,51,0.1,,covertype,,
30,0.2377249437036541,0.9412486780021416,0.3720038350910833,0.352087114337568,0.3943089430894309,101.82384777069092,Completed,AE,500000,minmax,none,42,0.02,0.1,creditcard,,
31,0.2385323088186012,0.9416924274847448,0.36468330134357,0.3454545454545454,0.3861788617886179,101.0052728652954,Completed,AE,500000,minmax,none,43,0.02,0.1,creditcard,,
32,0.2246066515019115,0.9402778736912812,0.3556851311953352,0.3407821229050279,0.3719512195121951,100.91560673713684,Completed,AE,500000,minmax,none,44,0.02,0.1,creditcard,,
33,0.2251382551252032,0.937575393375234,0.3778801843317972,0.3456998313659359,0.4166666666666667,100.74315524101256,Completed,AE,500000,minmax,none,45,0.02,0.1,creditcard,,
34,0.2260375002016656,0.939797872478839,0.3554421768707483,0.3055555555555556,0.4247967479674797,99.80992317199708,Completed,AE,500000,minmax,none,46,0.02,0.1,creditcard,,
35,0.2310975484483167,0.9394856114732468,0.3765765765765765,0.3381877022653721,0.4247967479674797,100.84233689308168,Completed,AE,500000,minmax,none,47,0.02,0.1,creditcard,,
36,0.235357834286973,0.939757896207244,0.3636363636363636,0.3344709897610921,0.3983739837398374,101.34893369674684,Completed,AE,500000,minmax,none,48,0.02,0.1,creditcard,,
37,0.2323203368869467,0.9384995301072367,0.3741429970617042,0.3610586011342155,0.3882113821138211,102.11387658119202,Completed,AE,500000,minmax,none,49,0.02,0.1,creditcard,,
38,0.2454358345234804,0.9410332693798776,0.3746097814776274,0.3837953091684435,0.3658536585365853,100.277498960495,Completed,AE,500000,minmax,none,50,0.02,0.1,creditcard,,
39,0.2456372407608547,0.94089884273269,0.3716814159292035,0.36,0.3841463414634146,99.88078546524048,Completed,AE,500000,minmax,none,51,0.02,0.1,creditcard,,
40,0.220807551159972,0.942339332490629,0.3589232303090728,0.3522504892367906,0.3658536585365853,163.86608362197876,Completed,DAE,500000,minmax,none,42,0.02,,creditcard,,
41,0.2446012871141544,0.9422724122691696,0.3689892051030422,0.3567362428842505,0.3821138211382114,162.9454905986786,Completed,DAE,500000,minmax,none,43,0.02,,creditcard,,
42,0.2637008801239343,0.9453059979133988,0.3878326996197718,0.3098420413122721,0.5182926829268293,164.1579418182373,Completed,DAE,500000,minmax,none,44,0.02,,creditcard,,
43,0.2605628660640507,0.944279883085133,0.3916745506149479,0.3663716814159292,0.4207317073170731,166.29668307304382,Completed,DAE,500000,minmax,none,45,0.02,,creditcard,,
44,0.2445673172623205,0.94375152002052,0.378839590443686,0.3264705882352941,0.4512195121951219,161.79147815704346,Completed,DAE,500000,minmax,none,46,0.02,,creditcard,,
45,0.2414178322565845,0.9418409730762096,0.3702579666160849,0.2953995157384987,0.4959349593495935,166.20543026924133,Completed,DAE,500000,minmax,none,47,0.02,,creditcard,,
46,0.2469921535960957,0.9411235591349284,0.3743148003132341,0.3044585987261146,0.4857723577235772,162.99719619750977,Completed,DAE,500000,minmax,none,48,0.02,,creditcard,,
47,0.2618274747825209,0.9436669278850078,0.3842459173871277,0.3642987249544626,0.4065040650406504,166.75492906570437,Completed,DAE,500000,minmax,none,49,0.02,,creditcard,,
48,0.2531962222846242,0.9429125544794658,0.3777777777777777,0.3469387755102041,0.4146341463414634,162.49570989608765,Completed,DAE,500000,minmax,none,50,0.02,,creditcard,,
49,0.2348395878711622,0.9424465864253108,0.3609671848013817,0.3138138138138138,0.4247967479674797,164.72263526916504,Completed,DAE,500000,minmax,none,51,0.02,,creditcard,,
50,0.240348193912004,0.9442106680884264,0.3671274961597542,0.2950617283950617,0.4857723577235772,160.81635546684265,Completed,PW-AE,500000,minmax,none,42,0.1,,creditcard,,
51,0.2541700953107647,0.9439298762437004,0.3724247226624406,0.3051948051948052,0.4776422764227642,162.58350706100464,Completed,PW-AE,500000,minmax,none,43,0.1,,creditcard,,
52,0.2708435179004684,0.9465362476550042,0.38860103626943,0.3378378378378378,0.4573170731707317,160.23977041244507,Completed,PW-AE,500000,minmax,none,44,0.1,,creditcard,,
53,0.2699063550550128,0.9455765454810872,0.3927691043549712,0.3296551724137931,0.4857723577235772,160.84362769126892,Completed,PW-AE,500000,minmax,none,45,0.1,,creditcard,,
54,0.2589097820538971,0.9455394787843382,0.3821765209940018,0.3303703703703703,0.4532520325203252,159.01892161369324,Completed,PW-AE,500000,minmax,none,46,0.1,,creditcard,,
55,0.252533856863378,0.9440023153638848,0.3756653992395437,0.3001215066828676,0.5020325203252033,159.7651822566986,Completed,PW-AE,500000,minmax,none,47,0.1,,creditcard,,
56,0.2568123425794802,0.9425535544066904,0.3743842364532019,0.3140495867768595,0.4634146341463415,160.37214303016663,Completed,PW-AE,500000,minmax,none,48,0.1,,creditcard,,
57,0.2694148153217779,0.9451828020821404,0.3857707509881423,0.315653298835705,0.4959349593495935,162.5030927658081,Completed,PW-AE,500000,minmax,none,49,0.1,,creditcard,,
58,0.2600840133706613,0.944407332471756,0.3782505910165484,0.3088803088803089,0.4878048780487805,161.68349957466123,Completed,PW-AE,500000,minmax,none,50,0.1,,creditcard,,
59,0.2489562560770294,0.9447827820082184,0.3729641693811075,0.3111413043478261,0.4654471544715447,160.8726224899292,Completed,PW-AE,500000,minmax,none,51,0.1,,creditcard,,
60,0.8904552521583201,0.9733348155141596,0.8570080226521944,0.9571328179901616,0.7758473369410425,15.273656129837036,Completed,AE,500000,minmax,none,42,0.02,0.1,shuttle,,
61,0.914974463374955,0.9775069916769658,0.8691427675912866,0.9662020905923344,0.7898034747935061,15.151670694351196,Completed,AE,500000,minmax,none,43,0.02,0.1,shuttle,,
62,0.9174220321312688,0.9758733646594816,0.8994464944649446,0.977280320748413,0.8330959840501282,15.33853244781494,Completed,AE,500000,minmax,none,44,0.02,0.1,shuttle,,
63,0.9099856270897854,0.974434211395932,0.8818479787732169,0.9754834254143646,0.8046140700655084,15.1358060836792,Completed,AE,500000,minmax,none,45,0.02,0.1,shuttle,,
64,0.8443328440665636,0.96840847405731,0.7604017216642756,0.8635047067342505,0.6792936485331814,15.320868730545044,Completed,AE,500000,minmax,none,46,0.02,0.1,shuttle,,
65,0.9125255536894644,0.9757256193385512,0.8541434706537299,0.9672190201729106,0.7647393904870408,15.062348365783691,Completed,AE,500000,minmax,none,47,0.02,0.1,shuttle,,
66,0.7226596104733912,0.9567882017873068,0.6772009029345373,0.6049742325789828,0.7690116775847337,15.215909004211426,Completed,AE,500000,minmax,none,48,0.02,0.1,shuttle,,
67,0.9241689834268576,0.9776874137868532,0.8962465669819957,0.9651659546500164,0.8365138137282826,15.381911993026732,Completed,AE,500000,minmax,none,49,0.02,0.1,shuttle,,
68,0.9022658061183052,0.976821041522852,0.872093023255814,0.9421487603305784,0.8117345485616634,15.561172246932983,Completed,AE,500000,minmax,none,50,0.02,0.1,shuttle,,
69,0.9249361994466572,0.9775302590502116,0.8977640709329221,0.9788164088769334,0.8291085160922814,15.018295049667358,Completed,AE,500000,minmax,none,51,0.02,0.1,shuttle,,
70,0.9456256184987416,0.9815451617652878,0.9318589360430366,0.9801949072618672,0.8880660780404444,24.977986097335812,Completed,DAE,500000,minmax,none,42,0.02,,shuttle,,
71,0.9424717038232602,0.9815624061128064,0.9274475524475524,0.9492991351028928,0.9065793221304472,25.08138227462769,Completed,DAE,500000,minmax,none,43,0.02,,shuttle,,
72,0.9233538881529124,0.9809972226228896,0.8954181818181818,0.9149821640903686,0.8766733124465964,24.942325830459595,Completed,DAE,500000,minmax,none,44,0.02,,shuttle,,
73,0.9061788800749538,0.9802098369680649,0.8642493257416841,0.9117926019601644,0.821418399316434,25.162992477416992,Completed,DAE,500000,minmax,none,45,0.02,,shuttle,,
74,0.9359959019125306,0.983407632520655,0.9179843357470074,0.953931203931204,0.88464824836229,24.998968601226807,Completed,DAE,500000,minmax,none,46,0.02,,shuttle,,
75,0.8861302652483787,0.976332726586384,0.8370460787305463,0.9014130791981596,0.7812589005981202,24.759847164154053,Completed,DAE,500000,minmax,none,47,0.02,,shuttle,,
76,0.9367905030527622,0.9822323677577536,0.911981159846924,0.9436491014316174,0.8823696952435204,25.04032802581787,Completed,DAE,500000,minmax,none,48,0.02,,shuttle,,
77,0.9216023380120604,0.9830468570283518,0.893106004447739,0.9313543599257884,0.8578752492167474,25.22282338142395,Completed,DAE,500000,minmax,none,49,0.02,,shuttle,,
78,0.9216932423224248,0.9818830197696572,0.8999256505576209,0.94150591163659,0.8618627171745942,25.32983613014221,Completed,DAE,500000,minmax,none,50,0.02,,shuttle,,
79,0.9019924429422446,0.9778946396108186,0.8704552398411244,0.9387149917627676,0.8114497294218171,24.82412362098694,Completed,DAE,500000,minmax,none,51,0.02,,shuttle,,
80,0.9596461209457235,0.9856312661413498,0.9598828696925328,0.9876468815908406,0.933637140415836,26.767041206359863,Completed,PW-AE,500000,minmax,none,42,0.1,,shuttle,,
81,0.95906827315095,0.9850660264198648,0.9548519495749046,0.9836907278767744,0.9276559384790658,26.8104350566864,Completed,PW-AE,500000,minmax,none,43,0.1,,shuttle,,
82,0.9567384415396856,0.9858828211847508,0.944021101992966,0.9722306067008754,0.9174024494446028,26.61694574356079,Completed,PW-AE,500000,minmax,none,44,0.1,,shuttle,,
83,0.9537319035767716,0.985262905635319,0.9426193604905824,0.9670461354104254,0.919396183423526,26.929949045181274,Completed,PW-AE,500000,minmax,none,45,0.1,,shuttle,,
84,0.957428803672894,0.9862076584571534,0.9538007380073802,0.9898897058823528,0.9202506408430646,26.404513835906982,Completed,PW-AE,500000,minmax,none,46,0.1,,shuttle,,
85,0.9491236536821162,0.9845510264804076,0.9409171075837742,0.9720619495900394,0.9117060666476788,26.54153633117676,Completed,PW-AE,500000,minmax,none,47,0.1,,shuttle,,
86,0.9566930640264572,0.9858795035222392,0.9507810197465372,0.9850381679389312,0.9188265451438336,26.69621992111206,Completed,PW-AE,500000,minmax,none,48,0.1,,shuttle,,
87,0.9548795024064314,0.9863400837997816,0.9449970743124636,0.9714285714285714,0.9199658217032184,26.75943350791931,Completed,PW-AE,500000,minmax,none,49,0.1,,shuttle,,
88,0.9540961501519174,0.986202953749298,0.9466391509433962,0.9810571341277116,0.9145542580461408,25.927031755447388,Completed,PW-AE,500000,minmax,none,50,0.1,,shuttle,,
89,0.9498146111338526,0.9847372466897506,0.9364041604754828,0.9788754271512892,0.8974651096553689,26.16807961463928,Completed,PW-AE,500000,minmax,none,51,0.1,,shuttle,,
