model,dataset,latent_dim,max_f1_threshold,runtime,max_f1_recall,avg_memory,max_f1_score,time_per_instance,memory_usage,ROC-AUC,score,PR-AUC,max_f1_precision,lr,max_f1_threshold_std,runtime_std,max_f1_recall_std,avg_memory_std,max_f1_score_std,time_per_instance_std,memory_usage_std,roc_auc_std,score_std,pr_auc_std,max_f1_precision_std,lr_std
AE,covertype,0.1,2.8848122528,19.50139251,0.58892988928,52.48364,0.65008359318,0.00036214704514,52.547,0.97018052068,0.9651054082,0.64526277078,0.73369943974,0.02,0.086241652835348,0.61123530945919,0.0779768623613938,0,0.0536228148342548,1.70766765224068e-05,0,0.0094653739729411,0.0045281840574185,0.0679681846901535,0.0577037040860144,0
AE,covertype,0.2,3.1012116106,18.999396466,0.66051660516,52.48364,0.6712434899,0.00037644882202,52.547,0.98128895084,0.96595812096,0.67692824266,0.69532236656,0.02,0.119312391016943,0.140517948812941,0.159527426708609,0,0.221933377705816,3.14577572164881e-05,0,0.0207072404429873,0.0165757162108228,0.278136845294776,0.269637285216561,0
AE,covertype,0.3,3.511599234,19.2420362,0.6380073801,52.48364,0.6877582595,0.00038887023926,52.547,0.98525349102,0.95402148346,0.70622564426,0.7526711526,0.02,0.134417351418761,0.42184007917471,0.106839154418959,0,0.0869788426474162,2.53115297965193e-05,0,0.0124657003993518,0.0080071583410983,0.0996059185791701,0.078897079045434,0
AE,covertype,0.4,3.511599234,19.222427464,0.6380073801,52.48364,0.6877582595,0.00037468261718,52.547,0.98525349102,0.95402148346,0.70622564426,0.7526711526,0.02,0.134417351418761,0.25495507465412,0.106839154418959,0,0.0869788426474162,3.17404068923287e-05,0,0.0124657003993518,0.0080071583410983,0.0996059185791701,0.078897079045434,0
AE,covertype,0.5,3.6192002536,19.244191024,0.66494464944,52.48364,0.66451689076,0.0003771844387,52.547,0.98372946504,0.94746270416,0.66210885118,0.66820815944,0.02,0.191739071015148,0.150627655004092,0.13218369402416,0,0.161910308769669,2.61150384808547e-05,0,0.0085108779556311,0.0116012756020656,0.195991004023992,0.190012560192169,0
AE,covertype,0.6,3.5980263814,23.760722302,0.78560885608,52.48364,0.78291754504,0.0004861945629,52.547,0.99262413418,0.95120225184,0.80014305748,0.7814249936,0.02,0.292763987088005,4.30412777714756,0.0475678533306272,0,0.0451625481637374,9.47796323595802e-05,0,0.0019239803388797,0.0038393910635707,0.0409125215113606,0.0544664555118993,0
AE,covertype,0.7,3.621270576,27.98834882,0.58782287822,52.48364,0.6245058833,0.00049402656554,52.547,0.98159086566,0.94664644926,0.63903341448,0.67061605476,0.02,0.321514064349448,0.887449676255494,0.11629911023924,0,0.100539578536547,0.0001197685391521,0,0.0084786000797996,0.0055244172928269,0.119242790186502,0.0874616289061404,0
AE,covertype,0.8,3.621270576,30.250525618,0.58782287822,52.48364,0.6245058833,0.00066559319494,52.547,0.98159086566,0.94664644926,0.63903341448,0.67061605476,0.02,0.321514064349448,1.95737667302966,0.11629911023924,0,0.100539578536547,0.0001609058064111,0,0.0084786000797996,0.0055244172928269,0.119242790186502,0.0874616289061404,0
AE,covertype,0.9,3.5852756998,30.104992436,0.61660516606,52.48364,0.65219227156,0.00052230434418,52.547,0.9854379929,0.94823695012,0.67805270052,0.69549289952,0.02,0.198181362274332,1.22389559107974,0.0623960035131814,0,0.0654411494574909,3.4594770850083e-05,0,0.0071364904542068,0.0046259819192305,0.0780346684117294,0.0845518319324541,0
AE,covertype,1.0,3.7248693014,29.687343504,0.72767527676,52.45564,0.72172301702,0.0006023118019,52.519,0.99135525778,0.94701954118,0.75444110098,0.71880241956,0.02,0.28561497877998,0.886286218644641,0.0540215604994421,0,0.0191489268057747,7.89370113325727e-05,0,0.002618098743891,0.0051218069366615,0.0182044357335304,0.0237111404068693,0
AE,covertype,1.1,3.820921438,30.384770536,0.7033210332,52.48364,0.74237360462,0.00063619909288,52.547,0.99337457898,0.94682491112,0.79581552334,0.7904722661,0.02,0.163317866674259,0.932900968124502,0.118400743752418,0,0.0906340312753991,8.966398619743e-05,0,0.002149300512918,0.0052285090168505,0.0874042423548327,0.0556497784913929,0
AE,covertype,1.2,3.7623606458,29.58243246,0.70479704798,52.48364,0.7231536087,0.00065892210008,52.547,0.99193873396,0.9442837312,0.75672001852,0.74424754908,0.02,0.21442874545429,1.20862218067809,0.0623359627654943,0,0.0588913265904143,0.0001404330163768,0,0.0043049177357646,0.0046237411148671,0.0890735844442139,0.0664284515505753,0
AE,covertype,1.3,3.819772002,26.998301602,0.6590405904,52.48364,0.65642287396,0.00045399656296,52.547,0.99081862892,0.94692682742,0.6647332152,0.65783485198,0.02,0.254119230115947,3.58374077725842,0.0287136090227166,0,0.0260518567984856,3.8366787845929e-05,0,0.0028805033367293,0.0064581280075083,0.0377351698848383,0.0619240383359191,0
AE,covertype,1.4,3.7738312492,22.87696228,0.6450184502,52.48364,0.65281898632,0.00045525221824,52.547,0.98861132164,0.94757507688,0.65996425468,0.66267610706,0.02,0.0431855464557352,0.748262968343764,0.0719154963526944,0,0.0518665034554671,5.42906315280295e-05,0,0.0068361312942316,0.0051850940666497,0.0748690350842538,0.0426729458428878,0
AE,covertype,1.5,3.9495769742,20.71424141,0.66236162362,52.48364,0.7056083983,0.0004156486988,52.547,0.99352364128,0.94268271066,0.7512180545,0.75785354502,0.02,0.223603916317235,0.569741126657564,0.0494210156175764,0,0.0385935086098109,4.89110907653573e-05,0,0.0001840734380602,0.0076674416077054,0.0432932096982241,0.0560499456217173,0
AE,covertype,1.6,3.9495769742,17.72118225,0.66236162362,52.48364,0.7056083983,0.0003678832053999,52.547,0.99352364128,0.94268271066,0.7512180545,0.75785354502,0.02,0.223603916317235,0.750014968018522,0.0494210156175764,0,0.0385935086098109,4.41562266653693e-05,0,0.0001840734380602,0.0076674416077054,0.0432932096982241,0.0560499456217173,0
AE,covertype,1.7,3.8642212008,18.018815852,0.6228782288,52.48364,0.64564290088,0.00035806832312,52.547,0.9893602817,0.94391432364,0.66541663336,0.67333237106,0.02,0.24538708308778,0.36987240015835,0.0179166396894925,0,0.0378038112856488,1.71012037133212e-05,0,0.0010577134160081,0.0062524151232003,0.064694442593214,0.0739820147868334,0
AE,covertype,1.8,3.7585814634,17.951773454,0.69446494466,52.48364,0.70080274288,0.00036058049204,52.547,0.99334818214,0.94313223796,0.73675462158,0.70803962026,0.02,0.194490089892673,0.209384311603762,0.0856156155943152,0,0.0860815914253747,1.5092393154888e-05,0,0.0034343556217459,0.0049880555597464,0.100183373156336,0.0896366558711192,0
AE,covertype,1.9,3.7585814634,18.449393176,0.69446494466,52.48364,0.70080274288,0.00036384449008,52.547,0.99334818214,0.94313223796,0.73675462158,0.70803962026,0.02,0.194490089892673,0.557384773434843,0.0856156155943152,0,0.0860815914253747,2.50885654788943e-05,0,0.0034343556217459,0.0049880555597464,0.100183373156336,0.0896366558711192,0
AE,covertype,2.0,3.832444744,18.066718864,0.68413284132,52.48364,0.71432730226,0.00034674916266,52.547,0.99403936456,0.9428432191,0.75334717542,0.74932893788,0.02,0.185420988359834,0.182611349405327,0.0806591761469891,0,0.0656241135123879,8.81240776436752e-06,0,0.0019620715538354,0.0052887724291567,0.0653189907242385,0.0584400515577659,0
AE,creditcard,0.1,10.1535899098,19.462105466,0.5081081081,52.48364,0.54336979604,0.00039227428436,52.547,0.97158440338,0.99838285146,0.4410519492,0.5842327581,0.02,0.368651617109355,0.116927002984641,0.0088097329903679,0,0.0050584191649554,1.6602087335255e-05,0,0.0012714108832639,0.000992109026806,0.0058240235471122,0.0138033765501076,0
AE,creditcard,0.2,10.2453625886,19.744613124,0.50405405406,52.48364,0.54806699114,0.0004033395290199,52.547,0.9704950166,0.9981671429,0.45168841272,0.60137523344,0.02,0.260903841676552,0.267267449131426,0.0162724251026604,0,0.0052107023111264,4.23322564861335e-05,0,0.0010892148572982,0.0012054446066373,0.0113759213322136,0.0165671786353907,0
AE,creditcard,0.3,10.494643867,25.042796468,0.50540540542,52.48364,0.53853209684,0.0005696593284399,52.547,0.97055776992,0.99835595658,0.439694437,0.57649111888,0.02,0.421968424757593,0.419700869756329,0.0100218898744856,0,0.0092877955749663,0.0001009979602445,0,0.0015653790465932,0.001805475588255,0.0141861702912,0.0140534115366702,0
AE,creditcard,0.4,10.9533517148,25.504911852,0.5162162162,52.48364,0.55176611938,0.00052327365874,52.547,0.97011421376,0.99736080978,0.46201856344,0.59406988104,0.02,0.965321391788378,0.734015786298155,0.0155552222240785,0,0.0094718567295865,7.70244981570558e-05,0,0.0013627416661033,0.000973783536636,0.0154516649344774,0.031012349383315,0
AE,creditcard,0.5,11.445157368,24.728692916,0.51081081082,52.48364,0.55389870822,0.0004637704849199,52.547,0.97044627774,0.9980648726,0.46491635034,0.606490491,0.02,1.02733829819569,0.16084614655496,0.0194660274128014,0,0.0115278059865882,3.67296599578767e-05,0,0.0021775620386931,0.0013703518382092,0.0125832028862485,0.0298423379913116,0
AE,creditcard,0.6,10.4157248826,23.016968774,0.51756756758,52.48364,0.54421360126,0.0004359508991199,52.547,0.97124680948,0.9983376391,0.45947274142,0.57626910814,0.02,1.64348474967235,2.10308226855184,0.0216848736957051,0,0.0068171041825457,6.43697448253103e-05,0,0.001715379490561,0.0008658297465631,0.0137904190771525,0.035629430041072,0
AE,creditcard,0.7,10.9737664706,21.778452824,0.5135135135,52.48364,0.55506050046,0.00044243073466,52.547,0.97023852768,0.99948524762,0.45985149688,0.60552110098,0.02,1.05577242602292,0.578406042431358,0.014333245562044,0,0.0156574766149861,1.78474066722116e-05,0,0.0040566797373152,0.0026261435529576,0.0255455953868136,0.0375845902935328,0
AE,creditcard,0.8,11.6229341266,22.732597876,0.50810810812,52.48364,0.55358266534,0.0004446579933,52.547,0.97118283632,0.99918652358,0.47135166546,0.61162311984,0.02,1.31882507742829,0.683783394222935,0.0154077760301424,0,0.015469714063304,6.88079586260683e-06,0,0.0011600601763174,0.0015818119690579,0.0199835274989755,0.0536947354081482,0
AE,creditcard,0.9,11.66066088,20.664112998,0.50270270272,52.48364,0.5455021394,0.00040120439528,52.547,0.97230523972,0.99789223344,0.4533829609,0.59666353562,0.02,0.428979138564471,0.635938880702266,0.0148033123912803,0,0.0150960547263047,1.23713296949861e-05,0,0.0018495603661087,0.0013981970837231,0.0173660481267055,0.0228145572838351,0
AE,creditcard,1.0,10.1507828598,19.590705346,0.52972972974,52.45564,0.5378333331,0.00040232520104,52.519,0.96889742286,0.99911756192,0.43473770292,0.54803279768,0.02,1.27629391837934,0.295294521270113,0.0060434269657624,0,0.0250031235932949,3.73078512626322e-05,0,0.0019713931255294,0.0008681312942083,0.0340179806388698,0.0511631917347713,0
AE,creditcard,1.1,11.700192644,19.38107686,0.5027027027,52.48364,0.54891348064,0.00038084921836,52.547,0.9716876278,0.9987776983,0.4611574572,0.60637036022,0.02,0.456923421327893,0.160475602670863,0.025993762219508,0,0.0136748274292959,1.54378296382131e-05,0,0.0019249799639463,0.0018707474807648,0.0293053986958925,0.0263803957544115,0
AE,creditcard,1.2,11.1532335858,19.43138814,0.51756756758,52.48364,0.54545144502,0.000391557312,52.547,0.97058728972,0.99886291096,0.45585731684,0.57819467832,0.02,0.848257430502211,0.216057233040881,0.0140111090157412,0,0.0098307543094989,1.87506208432527e-05,0,0.0026689160814722,0.0019013990806096,0.0061458455365869,0.0339496767640314,0
AE,creditcard,1.3,11.26936992,19.402290342,0.52297297296,52.48364,0.5497428178,0.00038465943336,52.547,0.9691934342,0.9976916442,0.45946879318,0.5796546471,0.02,0.698401180116905,0.252949528904087,0.006043426954582,0,0.0027476023213214,1.64037768910399e-05,0,0.0015158704884495,0.0012529430869955,0.0080790871613338,0.0123385012828422,0
AE,creditcard,1.4,11.354483622,19.443926668,0.51351351352,52.48364,0.53745565058,0.00037953181268,52.547,0.97115689468,0.9981453218,0.45085630604,0.56540740868,0.02,0.916608714705062,0.210031092484932,0.0224096269771401,0,0.0084372842346886,1.39032209442992e-05,0,0.0019190151890961,0.0021938978977433,0.0152055961051527,0.0258815568739143,0
AE,creditcard,1.5,11.1864063482,22.733382082,0.51756756756,52.48364,0.54403734968,0.0004237129688199,52.547,0.9712678176,0.99987639352,0.4468986994,0.57580280962,0.02,1.12625727352475,3.0257166738968,0.0169593248671304,0,0.0138735996047372,5.0497031143832e-05,0,0.0011915450811336,0.0018705987547528,0.0142567268158288,0.0427873941530169,0
AE,creditcard,1.6,12.144707848,26.195871304,0.51351351354,52.48364,0.55406079394,0.0004944279671,52.547,0.96983582212,0.99945218276,0.4702873176,0.6017311961,0.02,0.406560295538536,0.239512683605264,0.0067567567499999,0,0.0135890878540371,5.70448147168353e-05,0,0.0010507912995626,0.0007715641942691,0.0157038126421705,0.0230551453237436,0
AE,creditcard,1.7,11.3996583686,25.67411356,0.50270270268,52.48364,0.5410044938,0.00050520248414,52.547,0.96907603262,1.00068186352,0.44886616198,0.5931053391,0.02,1.44011327520018,0.47482204255321,0.0401444615476311,0,0.0063207741098795,6.04643681671201e-05,0,0.0020959658273079,0.0007362161738963,0.013048613150772,0.0551840697477458,0
AE,creditcard,1.8,11.923502704,24.967203998,0.51621621622,52.48364,0.55372797772,0.00044709181786,52.547,0.96963154178,0.99857028622,0.4634672408,0.59735464752,0.02,0.723146033693821,1.96710585111575,0.0102471289451226,0,0.0142849949491388,7.81232774509373e-06,0,0.0022842026041413,0.001619590948344,0.0156976946901115,0.0227850744364276,0
AE,creditcard,1.9,10.8284166212,22.03195853,0.52837837838,52.48364,0.54260433528,0.00044038467408,52.547,0.97026991788,0.99782908152,0.44767177722,0.55846479226,0.02,1.14699971208037,0.59752804791038,0.0056531082877154,0,0.013603104236536,1.33523520045376e-05,0,0.0017769938093745,0.0018979629586876,0.0191223082128639,0.0309123306206041,0
AE,creditcard,2.0,11.379569599,22.695223092,0.51891891894,52.48364,0.54713617978,0.0004601184845,52.547,0.97059637064,0.99903089416,0.4705385787,0.57946372628,0.02,0.895897615048609,0.382231487221071,0.0120868539119592,0,0.0092436231066925,3.41868965219288e-05,0,0.0030789237434668,0.0025135994574619,0.0219123279253227,0.0244402725383612,0
AE,shuttle,0.1,3.1704841038,18.127664996,0.79225291938,52.48234694,0.86730019798,0.0003692705631,52.547,0.97423957394,1.0474670098,0.90429395196,0.95852013616,0.02,0.272089589204548,0.798443380904491,0.0327019012253515,0,0.0232105862083255,3.43682637139006e-05,0,0.0028657709672231,0.0054336696101972,0.0168285600431821,0.0099681017807789,0
AE,shuttle,0.2,3.3147840772,17.498060182,0.80541156366,52.48234694,0.87247366544,0.00035260591506,52.547,0.97583338528,1.041040627,0.90557227566,0.95194838266,0.02,0.300416424958041,0.315263520499366,0.0495914209610102,0,0.0460085926498058,5.55831914199618e-06,0,0.0044146240926684,0.0198305572166408,0.0320686544414881,0.0411508652405489,0
AE,shuttle,0.3,3.6139606928,17.028959274,0.75055539734,52.48234694,0.82185339766,0.00034826750756,52.547,0.97214079816,1.0351836946,0.87109657662,0.90854246048,0.02,0.209975498645383,0.180920899228102,0.0560045980732953,0,0.053781095706073,2.02894907784324e-05,0,0.0051562571281856,0.0134523114135015,0.0438690671893748,0.0520897245696436,0
AE,shuttle,0.4,3.7379655034,17.62379756,0.80290515522,52.48234694,0.87080502932,0.00035652103424,52.547,0.97778832198,1.0376065894,0.90515807014,0.95234520436,0.02,0.205691228376056,0.660619811700158,0.041732079040437,0,0.0270989872428186,1.10323106370556e-05,0,0.0020548748637657,0.0120083874000851,0.0207924130252184,0.0143083123567205,0
AE,shuttle,0.5,3.534139565,17.54974866,0.80341782966,52.48234694,0.846631837,0.00035055761338,52.547,0.97544861264,1.0419017812,0.88936622772,0.89509472206,0.02,0.475306934330362,0.178970809088553,0.085846019626474,0,0.0935730256985722,1.03503865647187e-05,0,0.0061691521887807,0.0254071456322255,0.0694349437168033,0.104089953441676,0
AE,shuttle,0.6,3.1907627554,17.867729856,0.81982341214,52.48234694,0.79673872828,0.00035528616906,52.547,0.97114305896,1.0301876356,0.82890223288,0.79644534292,0.02,0.707386826411767,0.428051039040444,0.0546532233320355,0,0.122665621238904,1.18699740566063e-05,0,0.0122316577402208,0.0216143560382478,0.12533203592413,0.20070210443467,0
AE,shuttle,0.7,3.1932301704,18.121918104,0.79823412134,52.48234694,0.77574146826,0.00038931632042,52.547,0.96905950318,1.0264085756,0.81422887784,0.77964805082,0.02,0.756719246475255,0.787343834076451,0.0563317970450659,0,0.126496124569621,4.76053455776054e-05,0,0.0124756941606936,0.0232455264916383,0.126244356774174,0.213468909721997,0
AE,shuttle,0.8,2.9195307366,19.59886093,0.82244374822,52.48234694,0.78596925072,0.00039514074326,52.547,0.96494479816,1.02835393798,0.79152219998,0.78457340796,0.02,0.767854328265548,2.28291219755568,0.0236850705785622,0,0.152725258260303,6.8906569343207e-05,0,0.0227946973938103,0.0167351084373841,0.208256272678084,0.23725603983941,0
AE,shuttle,0.9,3.210033489,22.170008184,0.82056394188,52.45434694,0.82776304102,0.0004175371170199,52.519,0.97555571004,1.0377403186,0.87023628986,0.84154025522,0.02,0.264591869749778,0.64014186599177,0.0667632103074625,0,0.115851020757151,3.93384814966744e-05,0,0.0062687526496476,0.0215668998589589,0.0893433394687764,0.168318545315069,0
AE,shuttle,1.0,3.210033489,21.377074004,0.82056394188,52.45434694,0.82776304102,0.0004246038437,52.519,0.97555571004,1.0377403186,0.87023628986,0.84154025522,0.02,0.264591869749778,0.335210892310063,0.0667632103074625,0,0.115851020757151,4.27177344933672e-05,0,0.0062687526496476,0.0215668998589589,0.0893433394687764,0.168318545315069,0
AE,shuttle,1.1,3.3818369224,21.041923426,0.81959555682,52.48234694,0.8321977423,0.00042194762232,52.547,0.97511539562,1.042560404,0.87003418428,0.84989026118,0.02,0.398691946669834,1.85179518535608,0.070448734666282,0,0.106325629259784,5.33687289464774e-05,0,0.0087355126798025,0.021480436307824,0.0871201694465211,0.149765200033183,0
AE,shuttle,1.2,3.0727156976,19.285228728,0.8193107377,52.48234694,0.76616034538,0.00038699069024,52.547,0.96872847916,1.0320027434,0.79517441764,0.75394865152,0.02,0.86895568537949,0.970253037875594,0.076055403747145,0,0.132336505930776,3.6038740769424e-05,0,0.0171022860474479,0.0179961086748552,0.164798704019116,0.21801560529812,0
AE,shuttle,1.3,3.689962444,18.366250944,0.79624038736,52.48234694,0.83067376592,0.0003900969982,52.547,0.97584645722,1.0308382086,0.87490277816,0.87123650202,0.02,0.383338047145109,0.622714914775517,0.0514272486419148,0,0.0771363981890238,5.28579451865729e-05,0,0.0062284278824286,0.0111382461421782,0.0630874377797063,0.111719052461662,0
AE,shuttle,1.4,3.160244679,17.53798933,0.80808886358,52.48234694,0.77798803906,0.0003806960105999,52.547,0.9658965187,1.0307743892,0.77153856912,0.77079454456,0.02,0.635627129493226,0.305510200754716,0.0566018117564671,0,0.156871557368094,4.8093014598093e-05,0,0.0246862945270671,0.0166012151466209,0.243470347400902,0.225791568918091,0
AE,shuttle,1.5,3.3506299382,18.02224927,0.80296211904,52.48234694,0.78277398068,0.00035908875466,52.547,0.97063836814,1.0286559598,0.80559627968,0.78174449716,0.02,0.569360836414958,0.160423641379255,0.0360256244853477,0,0.116248934593161,4.2862583543362e-06,0,0.0136164520767822,0.0141392896592148,0.165242553479332,0.18955551919143,0
AE,shuttle,1.6,2.8859271706,18.14873476,0.83839362004,52.48234694,0.76606880884,0.00036838035584,52.547,0.96981873054,1.032588734,0.80594297338,0.72500879924,0.02,0.768418227197312,0.182288810291838,0.0335582946682833,0,0.124935557020993,1.1924886044849e-05,0,0.0134100281627284,0.0161631159965337,0.130543450166615,0.193853667029947,0
AE,shuttle,1.7,2.6570153968,17.584468698,0.83395044148,52.48234694,0.74037365618,0.00036124043462,52.547,0.96543301564,1.0297376466,0.76704810126,0.69519878094,0.02,0.791181172913218,0.548090193913311,0.0657802737109352,0,0.142799044884901,2.30013246322496e-05,0,0.0169015786066935,0.0152946081382632,0.161242019991614,0.220566311148369,0
AE,shuttle,1.8,3.2216178526,16.918124104,0.7346055255,52.48234694,0.6856367586,0.00034439630508,52.547,0.96293246276,1.0203510872,0.73879644572,0.66697357174,0.02,0.845087829837624,0.155560160316287,0.0692337273208322,0,0.0698235848142835,1.26969660911133e-05,0,0.0161522698534761,0.0063306837551193,0.124456415489033,0.13996983916516,0
AE,shuttle,1.9,2.7818674656,16.896922826,0.7951011108,52.48234694,0.68952376896,0.00035948662758,52.547,0.95909762104,1.0243416718,0.72687378924,0.6370174464,0.02,0.997836298203908,0.152467904984947,0.0715566923558335,0,0.134562930969613,2.78965953300551e-05,0,0.02174030279614,0.0105489684860829,0.159325440819563,0.214055824984179,0
AE,shuttle,2.0,2.7818674656,17.014180468,0.7951011108,52.48234694,0.68952376896,0.00034925007818,52.547,0.95909762104,1.0243416718,0.72687378924,0.6370174464,0.02,0.997836298203908,0.134959226179668,0.0715566923558335,0,0.134562930969613,3.90188106561846e-05,0,0.02174030279614,0.0105489684860829,0.159325440819563,0.214055824984179,0
DAE,covertype,0.1,2.826885847,32.696583938,0.65756457566,52.45164,0.71855176052,0.00067344241142,52.515,0.98525710958,0.9224974787,0.74342366822,0.79438097546,0.02,0.119865942959728,2.88598115435563,0.0415559432543978,0,0.0232130651678174,0.0001288459361039,0,0.00665889759557,0.0254131886650241,0.0321609888860463,0.029053716380404,0
DAE,covertype,0.2,2.8476989284,33.139216758,0.62952029522,52.45164,0.67194058664,0.00068379430772,52.515,0.98388007924,0.85144422104,0.69140157968,0.73849283092,0.02,0.15873899610374,0.689599492983681,0.0655098476892323,0,0.0649783653909709,0.0001193457002739,0,0.0045964941802566,0.0455487473790999,0.0736637769340591,0.1296577314355,0
DAE,covertype,0.3,2.9426151866,32.245737696,0.73321033212,52.45164,0.76452009846,0.00066739559174,52.515,0.9941501373,0.70730442102,0.79431755102,0.8011736226,0.02,0.0816317556727508,1.40734034700444,0.0506221420865423,0,0.0766019396045371,0.0001661138226658,0,0.0036683114049791,0.0450978020917366,0.100541629821635,0.111231151472116,0
DAE,covertype,0.4,2.9426151866,27.733322666,0.73321033212,52.45164,0.76452009846,0.0005585106373,52.515,0.9941501373,0.70730442102,0.79431755102,0.8011736226,0.02,0.0816317556727508,1.1357120386511,0.0506221420865423,0,0.0766019396045371,3.60774661529988e-05,0,0.0036683114049791,0.0450978020917366,0.100541629821635,0.111231151472116,0
DAE,covertype,0.5,2.7657646114,28.277088116,0.73579335792,52.45164,0.74084504142,0.00056125321388,52.515,0.9933097582,0.65393428056,0.77905207822,0.747109063,0.02,0.137202048061243,0.917497010884573,0.0574390721848147,0,0.0396861654795296,4.54412795289516e-05,0,0.0009341605569452,0.0768085540758065,0.0324276124284883,0.0278477276221819,0
DAE,covertype,0.6,2.7623169582,26.549736786,0.75313653138,52.45164,0.78926407496,0.00051008501054,52.515,0.99646264398,0.62456797752,0.8365105767,0.8347618144,0.02,0.126435288975197,0.847864391712785,0.0771208884129856,0,0.0359780633097858,1.50230702066016e-05,0,0.0011195918965212,0.0378999160109208,0.0364904201837478,0.0211873431373731,0
DAE,covertype,0.7,2.711387889,26.648568868,0.78081180814,52.45164,0.80491782842,0.00052230658532,52.515,0.99699111804,0.60035203856,0.85783310914,0.83367481978,0.02,0.189483091231613,0.53759868370889,0.0659887556255688,0,0.0504881654226344,5.29448379568738e-06,0,0.002161622858295,0.0312394623356327,0.0641139102077201,0.0590012205931805,0
DAE,covertype,0.8,2.711387889,26.141015146,0.78081180814,52.45164,0.80491782842,0.0005228255749,52.515,0.99699111804,0.60035203856,0.85783310914,0.83367481978,0.02,0.189483091231613,0.437278354113857,0.0659887556255688,0,0.0504881654226344,2.08438527430038e-05,0,0.002161622858295,0.0312394623356327,0.0641139102077201,0.0590012205931805,0
DAE,covertype,0.9,2.5687525156,26.463066818,0.80110701106,52.45164,0.79066506846,0.00051508193014,52.515,0.9975109523,0.5750532093,0.8460789577,0.78105713306,0.02,0.10513352885486,0.284800568056674,0.0464087242917132,0,0.0567339124340991,7.50691665120895e-06,0,0.0012303895087715,0.0171966856315394,0.0553462464506867,0.0686011201296321,0
DAE,covertype,1.0,2.7515197748,29.643152666,0.80258302584,52.42364,0.81891141964,0.0006009068966,52.487,0.9981022177,0.5575749418,0.88484798772,0.83717103802,0.02,0.192246625735764,3.24406325223674,0.0422344027183599,0,0.0307272444520678,9.78550489897494e-05,0,0.0006175542037492,0.0186695163910423,0.0357972660858755,0.0362209772590702,0
DAE,covertype,1.1,2.4385112904,33.461144448,0.8409594096,52.45164,0.79273974594,0.00060035362244,52.515,0.99783525744,0.55688026492,0.84860194486,0.75177126602,0.02,0.133246479831045,0.862744015768311,0.026105544136,0,0.0524062249957411,5.64164406370715e-05,0,0.0009025562310388,0.0104686285910949,0.0574240845989014,0.0782635758949702,0
DAE,covertype,1.2,2.424469279,32.731676818,0.81660516606,52.45164,0.8119690917,0.00058593597412,52.515,0.99805259492,0.53555752252,0.87393842248,0.80822377542,0.02,0.107399014341884,0.77501432987091,0.032579076463788,0,0.0393462410337714,3.33179055905106e-05,0,0.0008519167215756,0.0224553830616332,0.0432301371379289,0.0536348382962644,0
DAE,covertype,1.3,2.6255747728,28.272907496,0.77121771218,52.45164,0.78332332062,0.0005696483612,52.515,0.99751119854,0.51807005522,0.84055242822,0.7966276374,0.02,0.175594878906583,1.3236064562022,0.042615533044784,0,0.0296049843885634,6.77748218136933e-05,0,0.0008345500204031,0.008221463245893,0.0402750936986102,0.0249399542920949,0
DAE,covertype,1.4,2.3875175484,28.628855656,0.83874538744,52.45164,0.80023602676,0.00058586878776,52.515,0.99755295744,0.53526392854,0.83585406418,0.76568655116,0.02,0.100811905156483,1.18249469151712,0.0288378213424395,0,0.0319632972242851,5.32394575082368e-05,0,0.0010201880240936,0.0119692364027529,0.0438933458590036,0.0410304250149512,0
DAE,covertype,1.5,2.3578150382,25.806322288,0.82546125458,52.45164,0.79392438782,0.0005262152672,52.515,0.9975210022,0.51655122192,0.83304553366,0.7666193037,0.02,0.0946281262132603,0.110385662964297,0.0555592621054859,0,0.0558412418419194,1.92794413472106e-05,0,0.0012225399489129,0.0279481677481377,0.0797912362167209,0.0724567198734835,0
DAE,covertype,1.6,2.3578150382,26.273328064,0.82546125458,52.45164,0.79392438782,0.00052090940476,52.515,0.9975210022,0.51655122192,0.83304553366,0.7666193037,0.02,0.0946281262132603,0.486626287168642,0.0555592621054859,0,0.0558412418419194,2.20696701149444e-05,0,0.0012225399489129,0.0279481677481377,0.0797912362167209,0.0724567198734835,0
DAE,covertype,1.7,2.316878634,26.661802054,0.82915129152,52.45164,0.80042932218,0.00055274190904,52.515,0.99780092214,0.51675040318,0.8609629644,0.77531700508,0.02,0.0511934492847716,0.322289573077668,0.0252167521097767,0,0.0300000093715887,3.61396027832849e-05,0,0.0006150061745887,0.0149371069727405,0.0346840011976405,0.0519741656637805,0
DAE,covertype,1.8,2.2773679316,26.047021248,0.80811808118,52.45164,0.77700676076,0.00050861763956,52.515,0.99766467028,0.51644786044,0.8220777043,0.74915030654,0.02,0.0396465806080286,1.67859844632655,0.0621445379593727,0,0.0443826296513389,3.29994890108819e-05,0,0.0008626876767907,0.0170477067924467,0.0536093848720356,0.0366380728510754,0
DAE,covertype,1.9,2.2773679316,26.181274462,0.80811808118,52.45164,0.77700676076,0.0005220303535399,52.515,0.99766467028,0.51644786044,0.8220777043,0.74915030654,0.02,0.0396465806080286,0.582326799174435,0.0621445379593727,0,0.0443826296513389,7.57613401622154e-06,0,0.0008626876767907,0.0170477067924467,0.0536093848720356,0.0366380728510754,0
DAE,covertype,2.0,2.271294354,33.385390138,0.84354243542,52.45164,0.8059986695,0.0007287708282399,52.515,0.9980752613,0.50382190348,0.86341287834,0.77435910358,0.02,0.132235248080789,0.508410844495596,0.0253446713319889,0,0.0337873765396229,0.0001120345857353,0,0.0005285589432593,0.0116181294746152,0.0388515565781772,0.0647075870270525,0
DAE,creditcard,0.1,9.1335831014,35.302452802,0.50405405408,52.45164,0.54497842148,0.00071742696764,52.515,0.97298625554,0.92342236396,0.43851951232,0.59378012214,0.02,0.644578165555583,0.819655989321234,0.0102471289780916,0,0.0066755982863915,7.63537778943262e-05,0,0.0008097501196487,0.0511075038736852,0.0136177864854865,0.0204051126668794,0
DAE,creditcard,0.2,9.8576528734,32.564825774,0.50270270272,52.45164,0.55074416022,0.0006434730053,52.515,0.97163452466,0.90782168596,0.45310087736,0.61042254502,0.02,0.287937457365137,2.06124347678687,0.0155552222088754,0,0.0031650063894467,7.4286154943506e-05,0,0.0007884920164787,0.0279164602353106,0.0096925148391158,0.0271688072966286,0
DAE,creditcard,0.3,9.677688679,30.118815852,0.50945945948,52.45164,0.55532923518,0.00058584737778,52.515,0.97302233532,0.8356454945,0.47437929768,0.61097992446,0.02,0.557098635312631,1.38553695005013,0.0102471289583102,0,0.0097969063220857,3.44844827633791e-05,0,0.001282378110915,0.0267391379592851,0.0088549849576587,0.0249063452209877,0
DAE,creditcard,0.4,8.9970108332,28.361238908,0.51756756758,52.45164,0.5495808429,0.00056031589506,52.515,0.97284798138,0.81492905808,0.47190736014,0.5865471131,0.02,0.55341068584733,1.32341774554722,0.0102471289451226,0,0.0064713257691618,3.45296449422402e-05,0,0.001154287720686,0.0295795462412937,0.0085925044861823,0.0222111474752041,0
DAE,creditcard,0.5,8.4424868202,28.227385856,0.52297297296,52.45164,0.55094201452,0.00054698276518,52.515,0.97188220376,0.78045338756,0.47537900036,0.58276438298,0.02,0.489006004087732,0.90773652817805,0.0113062165604905,0,0.0045941265334645,7.24745008147846e-06,0,0.0007617225228687,0.011059072232299,0.0034321186661049,0.0196302394093839,0
DAE,creditcard,0.6,9.1014617116,28.132498648,0.51486486488,52.45164,0.55742191806,0.00056727838516,52.515,0.97397884226,0.7637630798,0.48352281822,0.6079897542,0.02,0.378701460960296,0.610009667607661,0.0111024842656937,0,0.0075994018388942,4.8372443329112e-05,0,0.0007188758714992,0.0214171959178187,0.0172013721227176,0.0143389724382238,0
DAE,creditcard,0.7,8.7407091904,28.118361378,0.52162162164,52.45164,0.55683168972,0.0005404856205,52.515,0.97283038876,0.73236039172,0.48919404702,0.59830699034,0.02,0.667481603678506,0.600394508402524,0.0100218898306626,0,0.0108309444670487,9.18479114496989e-06,0,0.0006489539793836,0.0131976120512899,0.0145671384058184,0.0312167369479126,0
DAE,creditcard,0.8,9.2319492644,31.815462066,0.49189189188,52.45164,0.55693957934,0.00073295969972,52.515,0.9727496091,0.71203074948,0.48684723352,0.64813070176,0.02,0.573446171115105,3.61991906900384,0.0398018283169067,0,0.0134597369286861,0.0001909874547341,0,0.0006569444852326,0.0209349454687337,0.0225883824920424,0.0450885811740868,0
DAE,creditcard,0.9,8.9247906066,34.22611952,0.5108108108,52.45164,0.56594074204,0.00067355155944,52.515,0.9736992037,0.71112056134,0.50005748602,0.64259328512,0.02,0.874186587872885,0.358001118457831,0.0407091089879497,0,0.0104034055321655,4.96341334553341e-05,0,0.0015362722288652,0.0236743995547328,0.0090328584648077,0.0601734220310553,0
DAE,creditcard,1.0,8.5605613668,32.893197392,0.5081081081,52.42364,0.55125308888,0.00063745441438,52.487,0.97369592374,0.70936479258,0.47892123298,0.61459528252,0.02,1.28067907238763,1.72373614755648,0.0425729297481739,0,0.0166473809610719,1.72730903097094e-05,0,0.0018147727729364,0.0177638173835852,0.0320069366204535,0.084793036147304,0
DAE,creditcard,1.1,9.157911214,28.885808706,0.49054054052,52.45164,0.55787173572,0.00058616814616,52.515,0.97215224632,0.69147352632,0.49186475464,0.66363170782,0.02,1.4115981429742,1.19589797942123,0.0513691292055275,0,0.0160720307817199,3.20043514258506e-05,0,0.0006544848213542,0.0134568823386556,0.0224394659700847,0.0912202284925601,0
DAE,creditcard,1.2,8.2276170886,28.216796352,0.52837837836,52.45164,0.56181024138,0.0005845082759599,52.515,0.97257945682,0.6830649665,0.49529916044,0.5998562506,0.02,0.28016976980742,1.52742839110668,0.0030217135024468,0,0.0049728905088985,4.4292382862538e-05,0,0.0012708810378846,0.0127496090732553,0.0105355124759033,0.0110635028354745,0
DAE,creditcard,1.3,8.162754336,27.580393836,0.52972972974,52.45164,0.56092545514,0.0005727693081,52.515,0.97138280662,0.66364733422,0.50046407708,0.59659099348,0.02,0.244488678588455,0.325549140613953,0.0060434269657624,0,0.0080038609552703,3.41161516995802e-05,0,0.0010049310967867,0.0117630612164448,0.005380849459608,0.0230874520282132,0
DAE,creditcard,1.4,8.3132155504,27.731537914,0.51216216216,52.45164,0.55555668932,0.00055975046158,52.515,0.97325315366,0.65573647606,0.49957147114,0.61249051518,0.02,0.892775335730215,0.428386513384528,0.0267724496790454,0,0.005471438939573,2.07351454229826e-05,0,0.0019661230497091,0.0174469105532423,0.008020306600177,0.0575008489601124,0
DAE,creditcard,1.5,8.568816235,27.714176942,0.49324324324,52.45164,0.55949072482,0.00057767982484,52.515,0.97143341588,0.64582818224,0.48356717866,0.66014507062,0.02,1.08770774950242,0.339255601982939,0.043527360601229,0,0.0113970735849587,3.69651123682819e-05,0,0.0024443286095124,0.0119078113606787,0.0233437440774157,0.0879883494067541,0
DAE,creditcard,1.6,8.582251717,28.144252298,0.49054054054,52.45164,0.55347732216,0.00056201462746,52.515,0.9732156101,0.64718481662,0.48674981512,0.6432451131,0.02,0.514304945020239,0.550777833673896,0.0412660310546892,0,0.0121218817026481,1.76647417361019e-05,0,0.0013416096296723,0.0171001779168537,0.0239901094309207,0.0593807769950782,0
DAE,creditcard,1.7,8.8915928496,30.506443074,0.48513513516,52.45164,0.55728061834,0.00059577808378,52.515,0.97153295376,0.62550909202,0.48990888436,0.66474121116,0.02,1.18623321153063,2.63812407422199,0.0352389318972385,0,0.0072617776417511,2.7763356593077e-05,0,0.0015376341454763,0.01782399189142,0.0115836342854166,0.0735455259820047,0
DAE,creditcard,1.8,8.908829351,34.88746743,0.48783783784,52.45164,0.5685119044,0.00068590660094,52.515,0.97150487064,0.62039991438,0.50086836102,0.69235786094,0.02,1.16916298220545,0.388519724208762,0.0392241223548566,0,0.0066922978322112,3.14217020232121e-05,0,0.0011944173632774,0.0076050241618433,0.0153405896288579,0.0738391672899085,0
DAE,creditcard,1.9,8.294870363,31.431712052,0.49459459458,52.45164,0.5521226192,0.000609708786,52.515,0.97214666222,0.62632144664,0.49317916044,0.63867908928,0.02,1.14278863278919,2.31135564026413,0.044666199661045,0,0.0050472281001741,4.6588579561217e-05,0,0.0008790886978303,0.0111258374664873,0.0167095859126813,0.0856768847984753,0
DAE,creditcard,2.0,8.0968867294,29.13942647,0.51216216214,52.45164,0.56115748034,0.00059247136116,52.515,0.97156434398,0.62072903668,0.50284124738,0.63022341642,0.02,0.740805629908193,1.04877003515621,0.0377411893162899,0,0.0053755177360995,1.57348845558815e-05,0,0.0009379656827465,0.0142273580806111,0.010659662105052,0.074125718277085,0
DAE,shuttle,0.1,2.8046110468,24.151082278,0.82665907148,52.45034694,0.8900863465,0.00051006674766,52.515,0.9760131151,0.98851859794,0.91696431034,0.96534201782,0.02,0.326340974553906,0.647285445375097,0.0484567683671106,0,0.0303113419883385,3.50108435192966e-05,0,0.0033715267830262,0.0509403473377436,0.022500934589564,0.0128864232732571,0
DAE,shuttle,0.2,2.720431664,24.218662544,0.84904585588,52.45034694,0.90338893938,0.00047057313918,52.515,0.98015705174,0.9045071718,0.92685623642,0.96532618478,0.02,0.264111166390128,0.241072329917683,0.0228086610005517,0,0.0166077049446628,1.7006938462789e-05,0,0.0025059882798977,0.0391097800561342,0.0139721868182699,0.0099694756469097,0
DAE,shuttle,0.3,2.7582336948,23.971444034,0.85252064938,52.45034694,0.90387271064,0.00049367160798,52.515,0.97982357482,0.88432852064,0.92831300284,0.9625855592,0.02,0.263432116320301,0.331345712747319,0.0530143988036806,0,0.0389685136973541,9.97167496312611e-06,0,0.0034132835284662,0.0600553239685743,0.0256438366487219,0.0215671835011351,0
DAE,shuttle,0.4,2.5156869564,23.905067252,0.8581031045,52.45034694,0.88569907976,0.0004921947002399,52.515,0.97946611452,0.80800764368,0.9164137291,0.9161184032,0.02,0.263879371866087,0.235832522276014,0.032447763466551,0,0.0516739542806808,2.47504821826183e-05,0,0.0033885449256998,0.0580304369965499,0.037065038739759,0.0745394273189463,0
DAE,shuttle,0.5,2.8102550568,29.613444188,0.83964682426,52.45034694,0.89483752196,0.0006148182869,52.515,0.97965573608,0.82786540726,0.9201325051,0.9579760258,0.02,0.201815267043132,4.60107632436805,0.0414502373796763,0,0.0361326656465535,0.000114308900506,0,0.0025981008233744,0.0583189506184171,0.0198318339754331,0.0293989909347158,0
DAE,shuttle,0.6,2.4325797152,33.513464404,0.86710338936,52.45034694,0.9000827612,0.0007364750861999,52.515,0.98153387672,0.69258133234,0.92411793332,0.93614367232,0.02,0.172942139012978,0.604502725304772,0.0199816409534058,0,0.0131130634496434,0.000155729276902,0,0.0013767771880555,0.038813016918041,0.0085927870635192,0.0210428603798721,0
DAE,shuttle,0.7,2.5525339302,32.093955994,0.84557106238,52.45034694,0.88993760258,0.000651866436,52.515,0.98027296252,0.7233670475,0.91580118824,0.93966920286,0.02,0.246671617195497,2.03125030738099,0.0366213623000131,0,0.050051463213579,7.65481581221649e-05,0,0.0035287686525328,0.0185597339512077,0.0321343070905776,0.0669267187945949,0
DAE,shuttle,0.8,2.4557056828,26.687194062,0.84312161776,52.45034694,0.88498768828,0.0005422320366,52.515,0.97922542464,0.70200822122,0.91139106976,0.93191003364,0.02,0.28232111745386,1.64172340109655,0.0509226833035428,0,0.045022265885065,2.88947352878117e-05,0,0.0033805358803908,0.0476768781907915,0.0325156051131065,0.0448644525211155,0
DAE,shuttle,0.9,2.4299934904,26.680686954,0.8456280262,52.42234694,0.87952303388,0.00055112304688,52.487,0.98012767266,0.69958742962,0.913355123,0.91650177922,0.02,0.150817031484926,1.06362868564363,0.0470917247349735,0,0.0466858226109403,4.91143237112704e-05,0,0.0026084820584577,0.0489869061396129,0.0295013979379091,0.0489990196831859,0
DAE,shuttle,1.0,2.4299934904,24.742141582,0.8456280262,52.42234694,0.87952303388,0.00052231602668,52.487,0.98012767266,0.69958742962,0.913355123,0.91650177922,0.02,0.150817031484926,0.165583284762164,0.0470917247349735,0,0.0466858226109403,1.80867293628019e-05,0,0.0026084820584577,0.0489869061396129,0.0295013979379091,0.0489990196831859,0
DAE,shuttle,1.1,2.4216720964,25.85611496,0.86528054684,52.45034694,0.89895324158,0.0005191335678,52.515,0.9809160105,0.67689267546,0.9218563397,0.93563613468,0.02,0.162762414340149,1.02117553707222,0.0445006550270198,0,0.0385993519124953,3.48140599263222e-05,0,0.0028398953168101,0.0163171210960239,0.0236959070706079,0.0344833082743365,0
DAE,shuttle,1.2,2.360949466,25.453330994,0.85126744518,52.45034694,0.88015509352,0.00052397947314,52.515,0.98043450708,0.64071358026,0.91351991146,0.91112133172,0.02,0.149065746034745,0.24146285314659,0.0209021157790026,0,0.0239731413649055,3.50154977476372e-05,0,0.0017054382637501,0.0277825671138835,0.0156451964095334,0.0281892674248196,0
DAE,shuttle,1.3,2.3736432674,25.80784273,0.86647678722,52.45034694,0.8942256984,0.00050359187124,52.515,0.98107512832,0.6614941474,0.92043000932,0.92418799046,0.02,0.164666864604826,0.135646186139891,0.0383472772845867,0,0.0439607862750908,1.04589455581636e-05,0,0.0014665518127299,0.0413400744642497,0.0235568615159044,0.05383591472147,0
DAE,shuttle,1.4,2.2145683222,25.979189872,0.84050128168,52.45034694,0.8715233386,0.00054578185082,52.515,0.98001605924,0.6281573928,0.90728838914,0.90519615806,0.02,0.159219477893224,0.287614804789508,0.0241021623427432,0,0.0303525879073258,6.5805390512347e-05,0,0.0016329373049728,0.0270686482145485,0.0218829555705748,0.0403249885830534,0
DAE,shuttle,1.5,2.2168540542,32.437279082,0.84186841354,52.45034694,0.87276305902,0.00067254023552,52.515,0.98047886376,0.61025575924,0.91014312186,0.90628026434,0.02,0.191492979000983,2.23983870323606,0.0209757259507637,0,0.0148904283142164,7.29380000199371e-05,0,0.0010876750860993,0.0383134791574319,0.0086589470862542,0.0161746617023741,0
DAE,shuttle,1.6,2.1778590616,33.696679402,0.8763884933,52.45034694,0.89990991052,0.00068353319168,52.515,0.98171218826,0.62691412562,0.92322213798,0.92534854698,0.02,0.137205252058944,0.73551542784933,0.0259427869289106,0,0.0210198764671521,7.25125678100822e-05,0,0.0013881692802348,0.0238762514322317,0.0102893671819364,0.0292802728458889,0
DAE,shuttle,1.7,2.2317851742,33.084214734,0.84614070066,52.45034694,0.86481346774,0.00067711110114,52.515,0.98044869742,0.6124560267,0.90254078904,0.88576854074,0.02,0.169882531953786,0.439458387786838,0.0155447074689827,0,0.0417260085683002,0.0001058395813161,0,0.0019362335829103,0.0428988762300361,0.0253372092589969,0.0698430869161965,0
DAE,shuttle,1.8,2.2479246886,29.07273631,0.85935630874,52.45034694,0.8855179565,0.0005929477215,52.515,0.98145897002,0.6357645839,0.91571618328,0.91375848572,0.02,0.115503013835341,2.12541274073942,0.0295247702219748,0,0.036723744878763,7.83863262127781e-05,0,0.0013488986437116,0.0233109755778373,0.0226912443230067,0.0488932822116421,0
DAE,shuttle,1.9,2.2299131474,25.476429224,0.86191968102,52.45034694,0.89650429624,0.00051695837974,52.515,0.98174002792,0.5982969279,0.92101257106,0.9341981206,0.02,0.103858662426636,0.665257967965051,0.0279909261168878,0,0.0256046863912152,1.39899791410925e-05,0,0.0016009110180664,0.0349954456575355,0.0146166153513243,0.0273416300199456,0
DAE,shuttle,2.0,2.2299131474,25.657686756,0.86191968102,52.45034694,0.89650429624,0.00054467792512,52.515,0.98174002792,0.5982969279,0.92101257106,0.9341981206,0.02,0.103858662426636,0.286539079089372,0.0279909261168878,0,0.0256046863912152,6.20547546564361e-05,0,0.0016009110180664,0.0349954456575355,0.0146166153513243,0.0273416300199456,0
PW-AE,covertype,0.1,3.0470434802,28.421601534,0.44206642066,53.15564,0.54682500154,0.00056705870628,53.219,0.96605329446,0.9707279081,0.54621118336,0.72270320272,0.02,0.247692966844249,0.355500185934552,0.0431237295684137,0,0.0326817693399271,1.9387241460456e-05,0,0.0163432062546011,0.0079332946936353,0.0586681734478041,0.0535870678371232,0
PW-AE,covertype,0.2,2.8896624256,29.019007732,0.45498154982,53.15564,0.51439796058,0.0005663983345,53.219,0.95843452248,0.94606248602,0.50316768866,0.62353034856,0.02,0.144832648961569,0.20514652221159,0.0699478590728422,0,0.146682325922577,8.50260829874522e-06,0,0.023815937678584,0.0124693450645422,0.176972026595496,0.239023450284011,0
PW-AE,covertype,0.3,3.0356753376,29.098655702,0.52730627308,53.15564,0.5860819398,0.00060996079444,53.219,0.97647611548,0.915015757,0.58088643436,0.66955504412,0.02,0.141710753550312,0.406529149879206,0.064210883381294,0,0.110783789921267,7.42193166790699e-05,0,0.0095370411954654,0.0179475164491428,0.143213966065722,0.176224943585121,0
PW-AE,covertype,0.4,3.0356753376,36.775622224,0.52730627308,53.15564,0.5860819398,0.00067204618454,53.219,0.97647611548,0.915015757,0.58088643436,0.66955504412,0.02,0.141710753550312,0.594278102716537,0.064210883381294,0,0.110783789921267,1.68302168989369e-05,0,0.0095370411954654,0.0179475164491428,0.143213966065722,0.176224943585121,0
PW-AE,covertype,0.5,2.8766452214,35.596427872,0.51328413284,53.15564,0.5436437328,0.0006590900898,53.219,0.96856473994,0.86538263848,0.54856958086,0.5864849508,0.02,0.115365549301412,0.704711526423872,0.131672802390591,0,0.160044852000147,0.0001172151118605,0,0.0228650811153314,0.0305346784193897,0.190689925799982,0.194410364459741,0
PW-AE,covertype,0.6,2.8935954586,33.652364778,0.57601476016,53.15564,0.66186793182,0.00069489717482,53.219,0.98550054546,0.86743388616,0.69373856664,0.78419002916,0.02,0.124513728455902,2.50432404502805,0.0967571020579776,0,0.0781500053892664,0.0001586009628464,0,0.0050366872433379,0.0377869850655698,0.0880612554553225,0.0419026579111241,0
PW-AE,covertype,0.7,2.9090997084,30.736138156,0.58191881918,53.15564,0.65078739088,0.00060799369812,53.219,0.98030783582,0.82732047818,0.67074102074,0.73939396624,0.02,0.106438433530013,0.961269227135889,0.115314391142818,0,0.136550913269432,4.5576598885673e-05,0,0.0195018525145432,0.0208666396675358,0.162984433575777,0.167001510312621,0
PW-AE,covertype,0.8,2.9090997084,28.582474136,0.58191881918,53.15564,0.65078739088,0.00058091716766,53.219,0.98030783582,0.82732047818,0.67074102074,0.73939396624,0.02,0.106438433530013,0.474293977869346,0.115314391142818,0,0.136550913269432,6.42114513772595e-05,0,0.0195018525145432,0.0208666396675358,0.162984433575777,0.167001510312621,0
PW-AE,covertype,0.9,2.7808366038,28.974068784,0.60479704798,53.15564,0.63230467168,0.00058471684456,53.219,0.98127543158,0.8003470472,0.65318337016,0.66688037434,0.02,0.185375091273076,0.437831574796914,0.182061349995499,0,0.184941945268154,2.77232294180982e-05,0,0.0224463577682579,0.0280290229416332,0.214012236452028,0.199827385554328,0
PW-AE,covertype,1.0,2.9486615516,28.78580446,0.6258302583,53.12764,0.65867190942,0.00059808425904,53.191,0.98774605284,0.81700670984,0.69419563184,0.69814750802,0.02,0.128078822836287,0.288093225931121,0.0872090864497817,0,0.0726289518109342,2.52150904786579e-05,0,0.0042730843959337,0.0745012931486645,0.0839960464028674,0.0723069054843824,0
PW-AE,covertype,1.1,2.8227447568,30.571918344,0.63247232472,53.15564,0.67048462324,0.00065241298676,53.219,0.98622830896,0.76505404664,0.69596347528,0.71958528254,0.02,0.157847669741205,2.68377190432138,0.101361894879701,0,0.102203905784073,0.0001191609356372,0,0.0090925914433329,0.0195331799604133,0.124486074920748,0.118464850703044,0
PW-AE,covertype,1.2,2.701164827,35.73538804,0.63800738008,53.15564,0.68513951372,0.00073551568984,53.219,0.98932493918,0.72268631542,0.72468149894,0.74325867034,0.02,0.122649026804396,0.646765338608223,0.126396557135796,0,0.104149888815313,0.0001060946660987,0,0.0071788213769498,0.0489650992576881,0.116106060498629,0.07630380983833,0
PW-AE,covertype,1.3,2.7615507596,35.85565219,0.62324723248,53.15564,0.62630657946,0.00066943173408,53.219,0.98511215076,0.72200918642,0.62853137348,0.63073180572,0.02,0.134859282485073,0.15880855262422,0.0495654514242804,0,0.0692170610971194,6.02973486988083e-05,0,0.0071183360098385,0.0489899559631575,0.104612751412235,0.0925503701018541,0
PW-AE,covertype,1.4,2.7496582106,32.774500466,0.62361623618,53.15564,0.6598139525,0.0006159427166,53.219,0.9884570068,0.7181950088,0.68670712814,0.70140293966,0.02,0.0870976704017596,3.24573019755968,0.115920910255638,0,0.113213106272112,7.01160604563616e-05,0,0.0082304903474702,0.0321503038938579,0.136619545397367,0.112668770648266,0
PW-AE,covertype,1.5,2.6776772914,29.210384798,0.66494464944,53.15564,0.70651041782,0.00059492225644,53.219,0.99053371014,0.67908262516,0.72583911016,0.75575690448,0.02,0.233186836778844,1.21420988628398,0.0608800176266078,0,0.0610152771552521,5.96174446655795e-05,0,0.0034699430326461,0.0613517450156016,0.0844791368104247,0.0744444392281074,0
PW-AE,covertype,1.6,2.6776772914,29.35848484,0.66494464944,53.15564,0.70651041782,0.00056830987932,53.219,0.99053371014,0.67908262516,0.72583911016,0.75575690448,0.02,0.233186836778844,0.736085804190157,0.0608800176266078,0,0.0610152771552521,4.53099609983955e-06,0,0.0034699430326461,0.0613517450156016,0.0844791368104247,0.0744444392281074,0
PW-AE,covertype,1.7,2.7564797316,28.096921684,0.58487084874,53.15564,0.65475549798,0.00055553970336,53.219,0.9867037058,0.69865184858,0.68203442912,0.74985895918,0.02,0.182102294897522,0.631573550485802,0.111833080875819,0,0.0911438361374122,1.50481666264954e-05,0,0.0054270169486926,0.0340299595088978,0.101428463467873,0.0702430523108105,0
PW-AE,covertype,1.8,2.43366849,29.095607902,0.663099631,53.15564,0.67520045266,0.00059075927734,53.219,0.989572874,0.61035445624,0.70051283438,0.69283478592,0.02,0.151267314118604,0.232710320885981,0.114529436707008,0,0.129279832693118,3.11349492113532e-05,0,0.0087364055411612,0.0406412523130113,0.166456392543322,0.150645507268115,0
PW-AE,covertype,1.9,2.43366849,30.017961408,0.663099631,53.15564,0.67520045266,0.00062234163286,53.219,0.989572874,0.61035445624,0.70051283438,0.69283478592,0.02,0.151267314118604,0.553958155289826,0.114529436707008,0,0.129279832693118,2.02004645837028e-05,0,0.0087364055411612,0.0406412523130113,0.166456392543322,0.150645507268115,0
PW-AE,covertype,2.0,2.694757425,30.33556342,0.63911439114,53.15564,0.70078094828,0.0006321053028,53.219,0.99111593288,0.6299027674,0.73138115282,0.77854476602,0.02,0.263769417952374,0.721222309622833,0.0826106882216241,0,0.0803064955972631,5.25648475532148e-05,0,0.0034099656696157,0.0621283526645866,0.0990175700715724,0.0889748542629146,0
PW-AE,creditcard,0.1,5.9467304192,30.428962516,0.48243243242,53.15564,0.5244724445,0.00061933398248,53.219,0.96395425052,0.92270951716,0.3915312206,0.57562017036,0.02,0.479529963658616,0.114720593372279,0.0272792286890723,0,0.0216028257045348,2.07773827968157e-05,0,0.0048278192127818,0.0511404120018318,0.0184301377944345,0.0257035696998726,0
PW-AE,creditcard,0.2,6.639425846,30.480089426,0.5027027027,53.15564,0.53920392632,0.00061416563988,53.219,0.96685071596,0.90121168994,0.41525372732,0.58166167958,0.02,0.760587050304138,0.39870204739373,0.0122742581937748,0,0.0145483531317999,4.25919989744554e-05,0,0.0029571088993535,0.0340521570816598,0.0147881145380605,0.0215700483841959,0
PW-AE,creditcard,0.3,7.7057128234,31.504454566,0.50405405404,53.15564,0.5615808679,0.00063153972626,53.219,0.97083548384,0.8143856047,0.44673526262,0.6343685878,0.02,0.631395426867362,1.83176997231911,0.010247128997873,0,0.0198636679876332,9.64498304948538e-06,0,0.0038063310153473,0.0271122351866499,0.0142921252710659,0.0357732108634315,0
PW-AE,creditcard,0.4,7.5434110274,30.887566518,0.5,53.15564,0.55130030724,0.00059527115822,53.219,0.97039648168,0.79170054872,0.43732900848,0.61834186156,0.02,0.60434775169446,1.23181742646901,0.0302171348399922,0,0.0104976213957832,3.01526726475003e-05,0,0.0012899361983868,0.0372709600447186,0.0116145510953558,0.0404767013511272,0
PW-AE,creditcard,0.5,7.428640718,28.84685435,0.50135135136,53.15564,0.56128265164,0.00058867983818,53.219,0.97039840632,0.74850433446,0.45061068568,0.63808301512,0.02,0.232741545304351,1.0168078347539,0.0100218898441466,0,0.0039636742475393,4.14209294240034e-05,0,0.0012696139091323,0.01596275645376,0.0078051682072997,0.0176207196622911,0
PW-AE,creditcard,0.6,7.5169205754,29.990320918,0.5054054054,53.15564,0.56244212636,0.00060232229236,53.219,0.9731264001,0.72726912492,0.45502377024,0.6341232427,0.02,0.358674545381715,0.772628823324655,0.0111024842930798,0,0.0131666550176785,3.22301122318497e-05,0,0.0007909669906214,0.0236780590877999,0.0187638119175752,0.01903331446441,0
PW-AE,creditcard,0.7,7.1453409436,28.023653842,0.5162162162,53.15564,0.5637232273,0.00056022067068,53.219,0.97180836358,0.68122380648,0.46441729156,0.62228632968,0.02,0.554837629936271,1.02044513382663,0.0155552222240785,0,0.0186641995332776,2.25290870870808e-05,0,0.0015529351645096,0.019713803250514,0.0173164249312232,0.0390253199668503,0
PW-AE,creditcard,0.8,7.1288484704,28.407825328,0.50675675674,53.15564,0.55876914372,0.00056897916794,53.219,0.97073453638,0.6603554447,0.46643915508,0.62397610968,0.02,0.972382830454331,0.427798237337172,0.0135135135125,0,0.0195825017671769,1.76414261012618e-05,0,0.0015553854008477,0.0233622908993541,0.0254353287766028,0.0422500503973962,0
PW-AE,creditcard,0.9,7.085153363,28.294393634,0.51486486486,53.15564,0.56734633718,0.00056566729544,53.219,0.9732014872,0.65407139314,0.48727661134,0.63294197032,0.02,0.36922790107993,0.402475141463784,0.0174894312390581,0,0.0063079137252355,2.01349474457823e-05,0,0.0013252531288347,0.0287391173598488,0.0078166388696155,0.0222960787213865,0
PW-AE,creditcard,1.0,6.8247126608,28.403502368,0.51486486484,53.12764,0.5572099311,0.0005612464428,53.191,0.97318045196,0.65131557986,0.46598460228,0.6078609734,0.02,0.713864686853121,0.0543435394613862,0.013847230770481,0,0.0176297813300043,1.52756242489215e-05,0,0.002007040105793,0.022453766538574,0.0389774304552067,0.0322511486056299,0
PW-AE,creditcard,1.1,6.5599614394,28.827629422,0.52297297298,53.15564,0.55885893154,0.00058334097862,53.219,0.97140010108,0.630185741,0.48152462928,0.6102970505,0.02,1.06793646803477,0.561959003763916,0.0346510308305088,0,0.0209357157069708,2.51120376609321e-05,0,0.0014057450377356,0.0150020892122647,0.0286455223174112,0.0880883435781211,0
PW-AE,creditcard,1.2,6.977809421,29.39039664,0.51351351352,53.15564,0.56420943196,0.0005866086483,53.219,0.97149641316,0.62100301432,0.48202513276,0.6274173028,0.02,0.115760982290729,0.40628046975146,0.0172264172584248,0,0.0059092356177241,7.41330575873059e-06,0,0.0012062040418732,0.0171930892615629,0.0150777769673492,0.025565592083305,0
PW-AE,creditcard,1.3,6.8871508792,28.960406112,0.5243243243,53.15564,0.56754742184,0.0005724387169,53.219,0.97019176764,0.60490924846,0.49028622036,0.61897278632,0.02,0.40533644888064,0.998069739257636,0.0176194659423877,0,0.0093834330476743,2.00838752508984e-05,0,0.0010234811391146,0.0149846799140239,0.0092632555661828,0.0070448392040021,0
PW-AE,creditcard,1.4,6.093474068,28.18950801,0.55405405404,53.15564,0.56095000578,0.00058009676932,53.219,0.97268110906,0.58813063762,0.48811973086,0.57700246422,0.02,1.21898331570682,0.441995477903993,0.0642780323963012,0,0.0104864019477576,1.63481955064603e-05,0,0.0023492329941189,0.0213492136295264,0.0110722840046074,0.0507243610149425,0
PW-AE,creditcard,1.5,6.6076664408,28.597950792,0.50405405402,53.15564,0.55753253996,0.00058748912812,53.219,0.97012386396,0.57168259182,0.47052984308,0.62837180436,0.02,0.207544426613019,0.436327110299642,0.036884713692532,0,0.013112867109186,2.86602950499624e-05,0,0.0027334738830707,0.0210280070657747,0.0260253235895004,0.0383782839827139,0
PW-AE,creditcard,1.6,6.5338735916,29.067393018,0.51216216216,53.15564,0.55473930034,0.00058079051972,53.219,0.97239710622,0.57421098728,0.47861491612,0.61575632868,0.02,0.699912335583358,0.243168598871017,0.0469096080174791,0,0.0148140263315126,6.83387254287676e-06,0,0.0016380173609999,0.0223486974094182,0.0271803134640611,0.0705374665357032,0
PW-AE,creditcard,1.7,6.0449469532,28.890943862,0.52972972972,53.15564,0.55856986652,0.00059383091926,53.219,0.97132165264,0.54761988824,0.47895999456,0.59119241718,0.02,0.441075690038915,0.335368854274193,0.0077038879909521,0,0.0128191621340957,4.21974516245493e-05,0,0.0019345579396433,0.0182789407968544,0.0107574933327774,0.0253879664408077,0
PW-AE,creditcard,1.8,6.475526555,29.417590426,0.5162162162,53.15564,0.56647663874,0.00060405116082,53.219,0.97097514046,0.54187930986,0.49353253204,0.63506097628,0.02,0.555696123457859,1.28434070757242,0.0395717580276678,0,0.0094241066937788,3.91677418264511e-05,0,0.0016264990227199,0.0102510826011617,0.0169242910181927,0.0572422158809312,0
PW-AE,creditcard,1.9,5.9043606108,31.07353649,0.53513513512,53.15564,0.55728340154,0.0006132272720399,53.219,0.97119414006,0.54737819284,0.48930137212,0.58434336564,0.02,0.905980937753486,0.849400175160261,0.0240790941523393,0,0.0092046095453205,3.25680520686488e-05,0,0.001344767652331,0.0139840532873581,0.0156489932910783,0.0389800370960661,0
PW-AE,creditcard,2.0,6.167248571,29.336914682,0.53648648648,53.15564,0.5687857092,0.00057973027228,53.219,0.97178152736,0.54267210072,0.49856400454,0.60526362664,0.02,0.434622910162752,0.524923408327815,0.0037008280601641,0,0.0054268234376728,1.2553418890717e-05,0,0.0012477840984065,0.0153669691158242,0.0116813448069275,0.0090443598603081,0
PW-AE,shuttle,0.1,2.4811372332,25.387875368,0.81902591852,53.15434694,0.87579675728,0.0005191008091,53.219,0.9746574707,0.95440665388,0.90747522088,0.94354395586,0.02,0.485793312854425,0.277618771470233,0.0773811198785048,0,0.0596109006617055,2.09837664783854e-05,0,0.0065135430882343,0.0834428369218447,0.039323014899587,0.0544388219052966,0
PW-AE,shuttle,0.2,2.415275804,25.49411955,0.8197664483,53.15434694,0.878847948,0.00052232337002,53.219,0.9769787086,0.9204071722,0.91393320292,0.94774871202,0.02,0.307249190017364,0.266447561589961,0.0340131775369808,0,0.0212150168037406,1.3606175531052e-05,0,0.0065377595529548,0.041007881656006,0.0275766931199807,0.0089311539677518,0
PW-AE,shuttle,0.3,2.442734956,25.78194375,0.84722301336,53.15434694,0.89508880352,0.00052044520378,53.219,0.97951003386,0.91572723106,0.9285562598,0.9494718749,0.02,0.19985209530108,0.121808206747317,0.0526532688074864,0,0.0408930110953963,8.17323833910697e-06,0,0.004485242914531,0.0313581014116294,0.0272083281815672,0.0313733113933749,0
PW-AE,shuttle,0.4,2.3631726398,25.545579434,0.8299060097,53.15434694,0.88483063316,0.00051146202086,53.219,0.97856156602,0.8671311498,0.92086333934,0.9484510768,0.02,0.177575391447072,0.150393368739939,0.0503604216596251,0,0.0372981074903916,1.43515918187136e-05,0,0.0049045058036949,0.0459102291323541,0.0306533199464264,0.023502208404471,0
PW-AE,shuttle,0.5,2.4204845772,27.913226984,0.83588721164,53.15434694,0.89623468168,0.0005523771286,53.219,0.9789252393,0.85893153306,0.9254890772,0.96631932112,0.02,0.145760038416959,0.344296763193085,0.0330214598995712,0,0.0248836500096645,2.90734347477217e-05,0,0.0026847044368786,0.0359843881177989,0.0161328657357751,0.017326009182132,0
PW-AE,shuttle,0.6,2.2724539886,26.129271556,0.86220450016,53.15434694,0.9054065165,0.00053377642632,53.219,0.9813906324,0.84606754768,0.93589172886,0.95341113264,0.02,0.206565978662561,0.760592784140064,0.0163000179496744,0,0.0087628274575281,2.02107093202735e-05,0,0.0018585035255889,0.0182019742735262,0.0085360993262244,0.010456913889223,0
PW-AE,shuttle,0.7,2.3563444874,26.01411991,0.85502705782,53.15434694,0.90813437864,0.00052334733008,53.219,0.98013551758,0.83733552466,0.93182720786,0.9684687177,0.02,0.172508892948772,0.492055628121254,0.0288061859820029,0,0.0222544393341209,2.07205509178191e-05,0,0.003375785920134,0.031678521918239,0.0162043653192814,0.0150588510923646,0
PW-AE,shuttle,0.8,2.1846300622,25.430829478,0.8563941897,53.15434694,0.90632997152,0.0005146492481399,53.219,0.98044483992,0.77803465618,0.93166924612,0.96273061552,0.02,0.224918294323658,0.687894230971467,0.0266465011776837,0,0.0181935158146563,1.69022662817217e-05,0,0.0014701624606867,0.0877700405959518,0.0110415282739639,0.0107162610730201,0
PW-AE,shuttle,0.9,2.167832671,25.455906248,0.87342637424,53.12634694,0.91290380528,0.0005249671936,53.191,0.98147220442,0.78795197652,0.93908184898,0.9563867695,0.02,0.219982216164255,0.371452291678866,0.0287410597299688,0,0.0220857296346792,5.02606173803315e-05,0,0.0020792233801233,0.040055416316349,0.0140497947338519,0.0188893921507133,0
PW-AE,shuttle,1.0,2.167832671,25.598286582,0.87342637424,53.12634694,0.91290380528,0.00051908187866,53.191,0.98147220442,0.78795197652,0.93908184898,0.9563867695,0.02,0.219982216164255,0.269573406191609,0.0287410597299688,0,0.0220857296346792,1.85734915690176e-05,0,0.0020792233801233,0.040055416316349,0.0140497947338519,0.0188893921507133,0
PW-AE,shuttle,1.1,2.2359782854,26.414298344,0.8832811165,53.15434694,0.92706143514,0.00053642492294,53.219,0.98172826048,0.80659198246,0.94387253556,0.97562183342,0.02,0.108034285639107,0.917109984057781,0.0283701881385714,0,0.020240265118027,2.61542818548787e-05,0,0.0024988417402707,0.0185538457583127,0.015063849765364,0.0110524456620251,0
PW-AE,shuttle,1.2,2.182445739,27.549450682,0.87667331244,53.15434694,0.92102867592,0.00058238973618,53.219,0.98196285112,0.79128404832,0.94247808634,0.97068421502,0.02,0.222498251686542,0.311416283058308,0.0379670430083783,0,0.0244817895087211,1.91655989241154e-05,0,0.0022689820637853,0.0604205027337553,0.0161075850348106,0.0084950626190575,0
PW-AE,shuttle,1.3,2.152373863,25.887309932,0.88652805468,53.15434694,0.92780709934,0.00052111878396,53.219,0.98257255624,0.77127567864,0.94743988516,0.97330658234,0.02,0.224099854725199,0.695565951768734,0.0169874979063916,0,0.0100352259750889,2.29803742741174e-05,0,0.000818506086684,0.067313152765338,0.0075758864783197,0.0090120164464067,0
PW-AE,shuttle,1.4,1.9161490852,25.699392652,0.88157220166,53.15434694,0.92012075122,0.0005363632202399,53.219,0.98216794764,0.71926576744,0.9435952513,0.96237368824,0.02,0.0927477335174013,0.311084474949123,0.0216447555114567,0,0.0152931447087964,2.13972545106327e-05,0,0.0010773068526191,0.0439329699715933,0.0081612788473989,0.0116647430069588,0
PW-AE,shuttle,1.5,2.052815041,25.779666328,0.87769866136,53.15434694,0.92336391374,0.00052438855168,53.219,0.98203323554,0.72569461242,0.94412143306,0.9744815485,0.02,0.26178949900163,0.310366950987893,0.0237637155557525,0,0.0115440120956543,1.32642511642578e-05,0,0.0018058035906804,0.0443120564355943,0.0079906956351788,0.0079186811024976,0
PW-AE,shuttle,1.6,2.0068523106,26.457982684,0.89757903734,53.15434694,0.93640623876,0.00053119187354,53.219,0.98295396622,0.72620615312,0.94989607458,0.97906630114,0.02,0.0632104182468911,0.431688434878704,0.0253269724834285,0,0.0142863794374584,2.23313437564316e-05,0,0.0021139506611293,0.045969933445115,0.0080230766449091,0.0049063235911223,0
PW-AE,shuttle,1.7,2.101988992,25.074076798,0.87866704642,53.15434694,0.92406818188,0.0005141901493,53.219,0.98264441396,0.73296025392,0.94289973728,0.97451676574,0.02,0.151592512615515,0.759321729047581,0.0122819482090712,0,0.0075303704247793,1.68447255956588e-05,0,0.0011452528549497,0.039985312496092,0.0073217529236029,0.00708084653797,0
PW-AE,shuttle,1.8,2.0089376894,27.130223894,0.9000284819,53.15434694,0.93527828222,0.00056606044768,53.219,0.98313327618,0.7134218174,0.94936982406,0.97361173398,0.02,0.233216227948659,1.3241430404465,0.0191030640942844,0,0.0107819253610168,1.62448977254893e-05,0,0.0010321247563502,0.0352727156300791,0.0085080971655229,0.0070532952468008,0
PW-AE,shuttle,1.9,1.9692289546,27.180554104,0.89005981202,53.15434694,0.93197087126,0.00055774827002,53.219,0.98255074716,0.71029359034,0.94743716092,0.97827766074,0.02,0.157353206983006,0.454724193469957,0.0226650546194797,0,0.0131992093984121,4.73769254432617e-05,0,0.0012990363397862,0.0460265189298858,0.007730416494743,0.0058509765616913,0
PW-AE,shuttle,2.0,1.9692289546,25.332696964,0.89005981202,53.15434694,0.93197087126,0.00052104272842,53.219,0.98255074716,0.71029359034,0.94743716092,0.97827766074,0.02,0.157353206983006,0.278589425142565,0.0226650546194797,0,0.0131992093984121,2.11376536908979e-05,0,0.0012990363397862,0.0460265189298858,0.007730416494743,0.0058509765616913,0
