dataset,model,anom_fraction,ROC-AUC,PR-AUC,max_f1_score,max_f1_threshold,max_f1_precision,max_f1_recall,runtime,avg_memory,roc_auc_std,pr_auc_std,max_f1_score_std,max_f1_threshold_std,max_f1_precision_std,max_f1_recall_std,runtime_std,avg_memory_std
covertype,DAE,0.005,0.819001181909548,0.135483787177056,0.225190348470719,2.85612132033699,0.350615018238783,0.1672,22.4087122440338,0,0.00876645632338781,0.0323869689514777,0.0337353789348402,0.131886505623371,0.0860577694005949,0.0192665513260677,0.448129409120017,0
covertype,DAE,0.01,0.732716153535353,0.152094510605643,0.234152590344671,2.65863620023407,0.395796857283067,0.168,21.7490303993225,0,0.0162988244574618,0.0284678762667881,0.0197885821741659,0.097543325944527,0.0605401349453222,0.0201494416796099,0.475870560641077,0
covertype,DAE,0.015,0.699280974619289,0.158623204260892,0.230004341412477,2.61264267218425,0.448302116394288,0.1552,21.5258820533752,0,0.0125417366057599,0.013670597571964,0.0138683201742539,0.0647236779755532,0.0534901926472394,0.0100044434572288,0.0351172855138386,0
covertype,DAE,0.02,0.683674081632653,0.168283546332298,0.23508959122053,2.47332536924213,0.44431074607828,0.1602,21.4374601840973,0,0.011098376679611,0.0210580697768708,0.0131910195030988,0.0953104641569302,0.0494319313322954,0.00867179335547153,0.0750265660726451,0
covertype,DAE,0.025,0.670279926153846,0.186898875835795,0.250352004917609,2.22405521255676,0.386453137608318,0.18768,21.3524681568146,0,0.0137021958277106,0.0189108057577951,0.0154668171285392,0.110671670960972,0.0495547559620416,0.0218767456446337,0.1153201653655,0
covertype,DAE,0.03,0.669770432989691,0.19290701092566,0.24859518342106,2.24118494834892,0.426068792925868,0.1764,21.3178676605225,0,0.00948743262525133,0.0107428990214357,0.00589549815354823,0.0675748207775308,0.0360830548842989,0.0114075998059773,0.119227630937141,0
covertype,DAE,0.035,0.658914892079941,0.203661457651136,0.255937835967878,2.16203123457625,0.430662022532334,0.182971428571429,21.3405830860138,0,0.0113704687267858,0.00913209736382754,0.00337233315159775,0.0915516833147804,0.044666127366968,0.0079938752064519,0.155964839073574,0
covertype,DAE,0.04,0.648212254166667,0.206008537289413,0.254177399350816,2.10592565278338,0.434635894835419,0.1817,23.9074496746063,0,0.010887496241856,0.0155452383544416,0.0133360756005119,0.14525614495564,0.0762076845565959,0.0108085614213918,4.02653427479107,0
covertype,DAE,0.045,0.645087113903432,0.217721524430361,0.262493968062078,2.06672006714513,0.45091346770196,0.185511111111111,21.0856453895569,0,0.0117121516312682,0.0153361118210686,0.0142319742344226,0.054924221267722,0.0495956765074692,0.00733400670309127,0.166269918968176,0
covertype,DAE,0.05,0.639151983157895,0.22081982080314,0.257791755945319,1.97880285961239,0.424707955703856,0.18824,21.222012090683,0,0.0133310270247767,0.0134817524282335,0.011993270469178,0.1477406134732,0.0809857341506327,0.0118611972414255,0.309759938052927,0
covertype,DAE,0.055,0.638290984511785,0.229910832668569,0.261574986684746,1.91994293671236,0.416073451334294,0.192945454545455,20.932870388031,0,0.0114129226499775,0.00862771096133778,0.00703341985838714,0.123916880442593,0.063721555252709,0.0128194067757695,0.223527245300863,0
covertype,DAE,0.06,0.633315682269503,0.234708556931986,0.26167641607901,1.94117736218996,0.450564681405394,0.184933333333333,20.8840901374817,0,0.0129029836222851,0.00488765702098508,0.00278946042513398,0.0617537509184632,0.0353875790222652,0.00673877667764047,0.143525663212466,0
covertype,DAE,0.065,0.632550011682435,0.245413263300147,0.272362692063173,1.87143611197257,0.442048931283526,0.197723076923077,20.8564897537231,0,0.00955363940892636,0.014291153097808,0.0148977972029556,0.105717357671411,0.0462486833599953,0.0142515025679325,0.07093243154915,0
covertype,DAE,0.07,0.63470617265745,0.255301951070573,0.277403527020521,1.87567679474847,0.469346958532117,0.197314285714286,20.7867378234863,0,0.0103732933384098,0.0180833793729766,0.0159331530124862,0.0597255690081179,0.0347580458267208,0.0141184493569548,0.0193276087720698,0
covertype,DAE,0.075,0.630272551207207,0.257793322635006,0.274225313043648,1.87103308563984,0.476022101150964,0.193173333333333,20.9607056617737,0,0.00484421131278952,0.0176738833638207,0.0185421934262463,0.0520950858751586,0.0394808241792797,0.0172259236165857,0.144948567199179,0
covertype,DAE,0.08,0.63376240326087,0.270953783251614,0.282636614771171,1.76081633373211,0.436293568680057,0.2098,21.1132032871246,0,0.00734534352592972,0.0125669131664437,0.0119248498782748,0.0665218065126188,0.0332999159209281,0.0140972071702164,0.257030415470983,0
covertype,DAE,0.085,0.628424720540019,0.27341427872259,0.28251527664731,1.75952201480795,0.451356371492376,0.206776470588235,21.2383462429047,0,0.00851415557636435,0.00568132087830299,0.00246001320668855,0.0952258356886005,0.0475347237044115,0.00971197669630033,0.248280477858968,0
covertype,DAE,0.09,0.629789712332112,0.2797827142885,0.285120876348833,1.7063309332405,0.436838836191308,0.212533333333333,20.9047967910767,0,0.00935467282999317,0.00854120776764569,0.00732236542187313,0.0641069380889918,0.0414867853566998,0.00911056908956859,0.110957447336389,0
covertype,DAE,0.095,0.625101256876999,0.280920469916401,0.282183317775461,1.71407150256546,0.453183761897938,0.20538947368421,30.9000647068024,0,0.0136548691410843,0.0125299921009708,0.011212116586563,0.0747946957877943,0.0260098882407597,0.0129542985304304,5.06454690479862,0
covertype,DAE,0.1,0.622916059555555,0.286922438690371,0.285233326322556,1.71380870881128,0.470515695984298,0.20492,22.2878810405731,0,0.0134735051277261,0.00709106967265581,0.00613068650373951,0.0508613739913603,0.0221040067560703,0.00759025691264795,3.0098895645664,0
covertype,HST,0.005,0.847388092462312,0.0467910635941976,0.128562228518757,0.941320391389433,0.113090922968667,0.2336,6.61086673736572,0,0.0619187372117492,0.0257762201867837,0.0553530157254987,0.0405608409870527,0.0490686799490896,0.170753623680436,0.120544791310966,0
covertype,HST,0.01,0.632155919191919,0.0305096778752664,0.0798263027310417,0.917401174168298,0.0529748937720284,0.1904,6.49118123054504,0,0.0621667206071286,0.0189090395222013,0.037537171816937,0.0197255605511184,0.0299555197134754,0.0860627677918855,0.0351539262247092,0
covertype,HST,0.015,0.491398475803723,0.0275606192708495,0.0819459950081225,0.934942622309198,0.0746086160101249,0.121866666666667,6.42131028175354,0,0.0229722597920367,0.0101002053178082,0.0326881483873588,0.0248254338334556,0.0396758240958148,0.0527181183275731,0.0517391995914847,0
covertype,HST,0.02,0.468750271428571,0.0311973133199992,0.0848895016368136,0.928531976516634,0.0811616064021745,0.0998,6.51291699409485,0,0.081799454355762,0.0156679741686181,0.0441074269912374,0.0342963250949754,0.0524418857177195,0.0349242036416008,0.105759430101715,0
covertype,HST,0.025,0.51917808574359,0.0576719279210318,0.127977944573988,0.922525244618395,0.124761002442351,0.14416,6.48228554725647,0,0.0691552799029335,0.0322063956975175,0.0437973386838437,0.0312612771228558,0.0594758185171189,0.0520596580857001,0.0194052865981633,0
covertype,HST,0.03,0.445123545017182,0.0725442567316259,0.150746952680945,0.932543874755381,0.179095432096474,0.157066666666667,6.46532897949219,0,0.0599023771298056,0.0497084802358082,0.0647230434698018,0.0266141975028025,0.159253733751474,0.037388649495684,0.0847157434281153,0
covertype,HST,0.035,0.476542697261288,0.0685556992226981,0.137695929466681,0.913268414872798,0.128439653361872,0.159771428571429,6.4916380405426,0,0.0762258806139959,0.0239332117789458,0.034358073374067,0.0152844551845114,0.0537155609610703,0.0350616948959914,0.0971903609570505,0
covertype,HST,0.04,0.452688433333333,0.075695474019056,0.142820642765945,0.910899099804305,0.143706574323664,0.1583,7.2147922039032,0,0.0451726710417621,0.0379446682665985,0.0552601673470582,0.0202846247666177,0.0852249825258537,0.0304273725451278,0.86064540588071,0
covertype,HST,0.045,0.461591998138452,0.105002063731013,0.179762600938614,0.93011976516634,0.204158663275958,0.165066666666667,6.48282856941223,0,0.144083795062649,0.0453959925513763,0.0362382187878561,0.00791223831491314,0.0509624408258976,0.0364547410928695,0.0792705819130866,0
covertype,HST,0.05,0.368390574315789,0.0728867812292011,0.153983997025296,0.913594677103718,0.167988744022213,0.14584,6.52885403633118,0,0.0363553533103163,0.015563104923328,0.0338801143814915,0.0136938251164636,0.0554235993701038,0.0214766850328443,0.144706822845373,0
covertype,HST,0.055,0.407235906493507,0.0631338985803418,0.12645961280871,0.827042191780822,0.107323609139145,0.316945454545454,6.52173347473145,0,0.119070398030945,0.0193645574466153,0.0339955200531426,0.155509385178751,0.037242433252494,0.383054932081204,0.100866678604188,0
covertype,HST,0.06,0.458847817021277,0.113619411461374,0.165700863317701,0.883099178082192,0.15950835740111,0.188066666666667,6.44678773880005,0,0.0717637188792244,0.0424263790489786,0.0408989845514347,0.0158312845442751,0.0773205930998741,0.0391133679904397,0.0364574730995962,0
covertype,HST,0.065,0.372449457836281,0.0899254067677106,0.149401546122046,0.835541291585127,0.1567406710625,0.310830769230769,6.45984616279602,0,0.0447112094859172,0.0213178899674425,0.0218534263845129,0.171557333522529,0.0565898818465935,0.384837006917852,0.0440446793954966,0
covertype,HST,0.07,0.381885114592934,0.100811559448982,0.18324650267571,0.908981291585127,0.202125505222732,0.173885714285714,6.44428610801697,0,0.100462384180247,0.0188967843546766,0.025329532526207,0.0128470156864862,0.0359861866690504,0.0469322568676798,0.0421686978998093,0
covertype,HST,0.075,0.429790925261261,0.097195959547179,0.161430049312614,0.770203992172211,0.13029898620621,0.523573333333333,6.44662680625916,0,0.0830557163424576,0.0239856670498219,0.0282293172670956,0.182111980857026,0.0549898866984105,0.437334211381232,0.0472474687642408,0
covertype,HST,0.08,0.530320966847826,0.14208756640891,0.196967927068517,0.772138395303327,0.164002597190309,0.4712,6.53677592277527,0,0.102286813476867,0.0561977698469783,0.0419091457935883,0.150737005266429,0.0902705207553233,0.327942325340905,0.0391733986348649,0
covertype,HST,0.085,0.408665923497268,0.0981519129132676,0.163922244975378,0.678554677103718,0.118694626655928,0.670964705882353,6.50552229881287,0,0.0926615770631153,0.0197345843637802,0.0119938680612018,0.206065537584607,0.0477880495686581,0.448832413758341,0.123714477099648,0
covertype,HST,0.09,0.335827405616606,0.0858758287208651,0.172853421527028,0.573806653620352,0.114384029171288,0.836933333333333,6.47743425369263,0,0.0563533699714127,0.0265889694809183,0.014885491039145,0.192722925140795,0.0530790013185705,0.361399010021395,0.0934301339293731,0
covertype,HST,0.095,0.383271248618784,0.113950130649701,0.183557019861824,0.606706536203523,0.111088499157368,0.854105263157895,8.91497526168823,0,0.0948840520255875,0.0264737300192616,0.0171255175281781,0.1453195810159,0.0326088888534927,0.31519864026592,0.24368801401253,0
covertype,HST,0.1,0.432432094666667,0.114489221915715,0.186907814714179,0.575887279843444,0.103338597484788,0.9808,6.45801663398743,0,0.100297186219302,0.020748667096878,0.00523194555956133,0.0883113976099845,0.00365165639776013,0.0361339175844524,0.0457804963939805,0
covertype,PW-AE,0.005,0.856665294472362,0.0761102113388076,0.142139759461404,2.93379804430485,0.161134343252373,0.14,24.7072050571442,0,0.0352830185449805,0.0490557546991168,0.0489847437325494,0.695426093351998,0.0737334266745357,0.0535163526410386,0.331914944258336,0
covertype,PW-AE,0.01,0.802495208080808,0.0957654430244115,0.166919863485904,2.38929190218644,0.190273767494755,0.196,23.9441762924194,0,0.025812750083129,0.0532817239129834,0.0680544372919174,0.77440476590315,0.104008939768063,0.0611064644698088,0.401368833529527,0
covertype,PW-AE,0.015,0.768386793908629,0.107558718112965,0.167546363032729,2.36017627308173,0.204299527279689,0.167466666666667,23.7365972042084,0,0.0208390564546296,0.0542800205915147,0.0621067515150564,0.577427572470655,0.107846805947541,0.0517652822308972,0.104709921183639,0
covertype,PW-AE,0.02,0.750655367346939,0.121348231230931,0.181334336575322,2.30076293744665,0.217358999644119,0.1622,23.6607033729553,0,0.0217813554617222,0.0553261540374016,0.0665753155290082,0.337979907171287,0.111153927992695,0.0445162891535222,0.0335648049283192,0
covertype,PW-AE,0.025,0.737344525128205,0.136574708079439,0.197231096766035,1.96236484923506,0.222764756861471,0.20224,23.5295525074005,0,0.0237570695346455,0.0542067023511486,0.0606574051118406,0.158663378921035,0.123280511318163,0.0203599607072312,0.113856995919769,0
covertype,PW-AE,0.03,0.732183983505155,0.149571456184278,0.204444267366752,1.91161100400293,0.247790701412522,0.2024,23.6521235942841,0,0.0259776655435617,0.0595265142174166,0.0582111217060807,0.217421249230011,0.150124412718914,0.0218560950054873,0.368241886014625,0
covertype,PW-AE,0.035,0.726304847964471,0.164662436017897,0.214547659288604,1.82771170050911,0.257445749071158,0.209714285714286,23.5277746200562,0,0.0180936818420319,0.0566842114361433,0.0530436715790377,0.0866747588277536,0.13243507937186,0.0141882388776402,0.150272852680321,0
covertype,PW-AE,0.04,0.721443279166667,0.175258332577593,0.219472414148732,1.72980822293361,0.2410312068693,0.2172,26.1530732154846,0,0.0249886362184736,0.0573340815410648,0.0494378420765604,0.147094494823858,0.100574526978973,0.0184173830931541,4.73575507582376,0
covertype,PW-AE,0.045,0.718225440837696,0.188880537256987,0.235068703436915,1.76255587976451,0.289877644930801,0.220533333333333,23.2175508499146,0,0.0251216304976745,0.0603821329906299,0.0485585028071457,0.147853626710856,0.138313204857246,0.026434918919331,0.171229225321033,0
covertype,PW-AE,0.05,0.714248362105263,0.196623780734478,0.239899022800039,1.6112719607568,0.269291019961322,0.24,23.4914289951324,0,0.024956733954417,0.0601328317613404,0.0467397334831689,0.188334481054601,0.116581693392266,0.030348640826238,0.21102682222055,0
covertype,PW-AE,0.055,0.709044375949976,0.208811171189791,0.245405671622888,1.62445346973011,0.288518580233658,0.232,23.0279742240906,0,0.0230139552560841,0.0603623413467644,0.0476930258979502,0.174581627770023,0.123718873313352,0.0266808502224918,0.329201673394364,0
covertype,PW-AE,0.06,0.709690205673759,0.218181551978049,0.251736803064979,1.57709386291643,0.294220364042991,0.2366,23.0899344444275,0,0.0303395917958501,0.0648469540132026,0.0509021810852459,0.12205124862124,0.125533739419717,0.0184351716985646,0.248502303508142,0
covertype,PW-AE,0.065,0.711145288029617,0.230231290415282,0.260996080783076,1.49940943734148,0.287467013660532,0.251015384615385,22.9276859760284,0,0.0255570150325694,0.0583480219484429,0.0390974953504298,0.103699678773031,0.0936906081482431,0.0202766662759506,0.12683603709695,0
covertype,PW-AE,0.07,0.706219152073733,0.24301398668718,0.270060145157074,1.47171284120977,0.310355461506517,0.253428571428571,22.972874212265,0,0.0302011404416209,0.0662990440530637,0.0449779591191471,0.0606046484932932,0.111183603794119,0.0173710996209456,0.0505390833627717,0
covertype,PW-AE,0.075,0.709939560936937,0.255040918868803,0.277419714673802,1.41843919772273,0.309235090404738,0.263306666666667,23.5213164806366,0,0.025269893809763,0.0609473624391748,0.0392813017076837,0.0576004239810448,0.0994031774734355,0.0143686077575,0.966864780013522,0
covertype,PW-AE,0.08,0.708685525,0.265695080173901,0.284787255751965,1.40793074239449,0.309799041808172,0.2685,23.1254757881165,0,0.0293868043628164,0.0627888266975645,0.0396348426186056,0.0939812104684794,0.0735199168811783,0.019790306970838,0.0859290635348175,0
covertype,PW-AE,0.085,0.704325696432015,0.270572078651752,0.285757865245256,1.4081565237811,0.329994078637995,0.263623529411765,23.3361901283264,0,0.029894662342926,0.0583696994779012,0.0386717849179831,0.0891073906475222,0.0991490971148586,0.0255543927656162,0.442203300630744,0
covertype,PW-AE,0.09,0.703094833699634,0.277863830124374,0.289119776888764,1.36343865852044,0.328601170828765,0.267866666666667,23.0151484966278,0,0.0260826864105555,0.0592441850643102,0.038066842831413,0.109019882317461,0.0913839129008881,0.0199509274514455,0.132922403349125,0
covertype,PW-AE,0.095,0.700509776097703,0.283641959985028,0.287540669418222,1.31751997022616,0.320799308532729,0.268463157894737,33.666241979599,0,0.0253310368282246,0.0500298387458429,0.0307605013195348,0.108066457101311,0.0728923975824618,0.0274756603443364,6.29432806969292,0
covertype,PW-AE,0.1,0.696385351111111,0.289999107145666,0.291638161683281,1.31128604359275,0.331875900916274,0.2672,26.1170893192291,0,0.0288743678430083,0.0539614699122886,0.0327160038150079,0.131480947158357,0.0763059838428943,0.0240366387001178,6.76063979882871,0
creditcard,DAE,0.005,0.785752667336683,0.160273786963893,0.302929303187936,3.41847142174161,0.28105605830005,0.3304,22.7811364650726,0,0.0239100149448625,0.014383300254323,0.00962910904444539,0.207263674553654,0.0180488608225332,0.0229085137012422,0.0625838160314546,0
creditcard,DAE,0.01,0.69232261010101,0.157521392268271,0.286122473832675,2.27572728038069,0.25138308239382,0.3452,22.8631426811218,0,0.0179575650545382,0.0132254207527419,0.011605910303281,0.43895495830859,0.0467611486100844,0.037831204051682,0.194514331166267,0
creditcard,DAE,0.015,0.656718164467005,0.173650964683469,0.316387692030081,2.03678409157376,0.293193410812609,0.3448,23.1208169937134,0,0.0161355699281101,0.014911861176669,0.0118651485879773,0.0916056522865347,0.0178573769020141,0.0190811134079982,0.270944412752726,0
creditcard,DAE,0.02,0.634079759183673,0.186123294008146,0.329284643858084,1.96851187457167,0.333836242918878,0.3256,23.047177362442,0,0.0103487070452705,0.0121170064611704,0.0054284637357494,0.0815094231808372,0.0175716473948884,0.00870631954387157,0.120756502527607,0
creditcard,DAE,0.025,0.628660342153846,0.204778938175296,0.348625562130428,1.92727676738363,0.376317072814832,0.32528,23.3208564281464,0,0.012392249953982,0.0126851609351225,0.0119180300421682,0.0742807216891263,0.0158955164963467,0.0169856409946755,0.189938381708244,0
creditcard,DAE,0.03,0.617173896907216,0.216571079683028,0.364332329409266,1.86588463500583,0.408130136105392,0.330266666666667,23.0212472438812,0,0.0116058248022801,0.00937303284459033,0.00683160264945528,0.0959411965606284,0.0303538188160883,0.00980476074839835,0.0450784285801448,0
creditcard,DAE,0.035,0.62029499215396,0.234148459053234,0.373861380920269,1.86461462281273,0.446140829854826,0.321942857142857,23.1575189113617,0,0.00426839898416804,0.00958451566545674,0.00750028437906859,0.0481484211187266,0.018779328345283,0.00461762373733419,0.120125781409178,0
creditcard,DAE,0.04,0.618235177083333,0.240940267551908,0.38120235789287,1.87043326170834,0.480837094018148,0.3161,23.0909383296967,0,0.013342947375923,0.00975815931071307,0.00407762463111326,0.0556432241436437,0.0200079108465158,0.00601456565347824,0.0336046518967293,0
creditcard,DAE,0.045,0.612408159162304,0.255564010371604,0.391619172283021,1.81530202946333,0.500799379184837,0.322044444444444,23.0583120822906,0,0.0109271514428444,0.00439109890676803,0.00815140516416196,0.0497268216173849,0.0196806956815786,0.013242654614335,0.127635067474702,0
creditcard,DAE,0.05,0.614490674526316,0.269109215797581,0.396041809059754,1.76583653303472,0.5144569983214,0.32216,22.7855359554291,0,0.0141250646932194,0.00725176711711479,0.00572177538432637,0.0639178584699528,0.0192020996934559,0.00583506640921936,0.0720219978169483,0
creditcard,DAE,0.055,0.612632325541125,0.280063504046118,0.404603169246541,1.77665256911273,0.545574584786287,0.321963636363636,22.7934715747833,0,0.0143385338538007,0.010427798911351,0.00965842468332895,0.0878529184067735,0.0317462056258681,0.00749037950466911,0.0745316460464588,0
creditcard,DAE,0.06,0.611845812765958,0.287369840218723,0.406312376939696,1.76744804670845,0.562810121326315,0.318466666666667,22.7751230239868,0,0.0099852804110901,0.00391255493822744,0.00622009833742434,0.088235697354936,0.0233090956876137,0.0125843818547701,0.0563241171019284,0
creditcard,DAE,0.065,0.611763192102016,0.294638393185772,0.410361015066651,1.72727356470094,0.571343862919279,0.320369230769231,22.7545443058014,0,0.0138671732099206,0.00766959128084814,0.0047921413686267,0.0603643882448221,0.0137877912741532,0.00859998623915234,0.0645190351140958,0
creditcard,DAE,0.07,0.60889378187404,0.301736357302263,0.411229307875652,1.70890917890026,0.584014977109987,0.3176,22.7500765323639,0,0.0147924949131611,0.0121222399878252,0.00548043271602927,0.0723581772751578,0.0215580829228214,0.00741096815399931,0.055421338551613,0
creditcard,DAE,0.075,0.607248222558559,0.307578955580535,0.413015293142353,1.68212349349986,0.592844674695676,0.317333333333333,23.1560415744781,0,0.0128422703818346,0.0106470785359132,0.011551478251057,0.078408323651169,0.0389563472199282,0.00757774519380418,0.104594781634464,0
creditcard,DAE,0.08,0.611188706521739,0.321561760340479,0.420910595883481,1.66376088890955,0.613891814419814,0.32095,23.0911498069763,0,0.00526665962729698,0.00929846530068738,0.0130831062391757,0.104516278947876,0.0458748178527548,0.0105406949486265,0.170257590239194,0
creditcard,DAE,0.085,0.609470523947284,0.330233864445475,0.425780982221099,1.59197454825977,0.609196796070196,0.327623529411765,22.8612236022949,0,0.00728586417478798,0.00847675704067139,0.0130391172069929,0.0777032537870901,0.0297599914692337,0.0128322690132214,0.070953350834947,0
creditcard,DAE,0.09,0.608945634188034,0.334355142751313,0.423579557366181,1.64710061141412,0.638413329952374,0.317288888888889,22.8005254745483,0,0.00585297575266814,0.00542635182160947,0.0132269504982028,0.0883707712745786,0.0295268884177448,0.0135276579962755,0.0461913974422818,0
creditcard,DAE,0.095,0.611312837452748,0.342969691935751,0.426209224839767,1.59292542160955,0.636378316444715,0.320673684210526,22.8358505249023,0,0.00833212428361072,0.0051692274585206,0.0081773978588564,0.0651147999232732,0.0319912090123169,0.00591799921269348,0.0579927153812341,0
creditcard,DAE,0.1,0.613845553777778,0.350302138645229,0.428319945215451,1.5490855554424,0.633864533854985,0.32384,22.7733332157135,0,0.00701453809414267,0.00344817020589095,0.00619153735059732,0.0650323041402271,0.0348666879804506,0.00571559270767259,0.0425604806733539,0
creditcard,HST,0.005,0.917279863316583,0.128579325129957,0.210967865961969,0.87060446183953,0.267642974533906,0.208,7.55124106407166,0,0.025018222005059,0.063990370754993,0.0586918311266583,0.0509656600485829,0.173486757533871,0.0727186358507914,0.0406173701189656,0
creditcard,HST,0.01,0.919538383838384,0.175113631998615,0.266981632757926,0.78811397260274,0.258248813832534,0.3216,7.52819786071777,0,0.032701332137592,0.0986278079447748,0.102564704766032,0.100689235581269,0.104610514717331,0.223407251449007,0.0247693983134903,0
creditcard,HST,0.015,0.941459901184433,0.224623376901785,0.292096507275999,0.686356477495108,0.206583743157757,0.5048,7.55780234336853,0,0.0203016718063428,0.0790537821969984,0.0676905772702813,0.030632361181794,0.0405420252991492,0.16163497971252,0.0712279534782598,0
creditcard,HST,0.02,0.960284975510204,0.375811847276621,0.41751875263028,0.689571506849315,0.330403718018503,0.5706,7.5790020942688,0,0.0114700122802193,0.0598043674157555,0.0698136745367047,0.0433222317088324,0.0592238431402725,0.0943520005087332,0.0768736654634766,0
creditcard,HST,0.025,0.933584877948718,0.272129897663968,0.347685715015964,0.567044070450098,0.230136727455641,0.73104,7.66151146888733,0,0.0204995893084016,0.077653818234264,0.0529204599381114,0.050636213754632,0.0441245779462393,0.0946190678457572,0.166260712265837,0
creditcard,HST,0.03,0.957218845360825,0.407835995951141,0.510873170488607,0.637311311154599,0.407885462987988,0.710266666666667,7.51151404380798,0,0.0115234377095839,0.0704334151161807,0.0513181206400466,0.0575338655428894,0.0827884439090149,0.0737421935604787,0.0311174818866994,0
creditcard,HST,0.035,0.963856256994819,0.479494462536874,0.559439637003691,0.602854324853229,0.4428346374752,0.765028571428571,7.55141892433167,0,0.00869628040755443,0.090686015419587,0.0843292987273779,0.0389566921562477,0.0856078937216002,0.0707734528806745,0.0545473661984461,0
creditcard,HST,0.04,0.952112757291667,0.462274606596392,0.512986247721544,0.654411272015656,0.426133962769262,0.672,7.48945617675781,0,0.0164158716186127,0.114596284597453,0.0999043428458097,0.0730440185005434,0.105114403757726,0.128729852792583,0.0210116090570097,0
creditcard,HST,0.045,0.958838582431646,0.520565754483582,0.577855129776324,0.628034129158513,0.472314764780346,0.770488888888889,7.48597116470337,0,0.0190868238770748,0.107704334650895,0.126315712450419,0.0693708889075075,0.117771778308117,0.157432046873297,0.0423655293386989,0
creditcard,HST,0.05,0.95714992,0.509398337245738,0.573095780491968,0.602303561643836,0.461422732381535,0.76024,7.46783504486084,0,0.0127129522538319,0.0876440084893049,0.0526549145139742,0.0222069515676806,0.0555279097598521,0.0446377418783702,0.0709961804347893,0
creditcard,HST,0.055,0.964517755074555,0.573963383646828,0.659212600311516,0.594985518590998,0.547513991230937,0.837018181818182,7.42368388175964,0,0.0103726201791395,0.0527471252652432,0.0585485087647321,0.0598642243656002,0.0783749588726412,0.050247914310566,0.0594573848841568,0
creditcard,HST,0.06,0.968859602836879,0.634203227741571,0.681935523110993,0.579552563600783,0.590095885994112,0.818866666666667,7.40121684074402,0,0.0105194346476586,0.0739633929545109,0.0710845718752457,0.079812523941896,0.096543761739272,0.0384553131714085,0.0286702236352305,0
creditcard,HST,0.065,0.958599399095023,0.62521129738475,0.672354120941351,0.598776360078278,0.572765499758863,0.841169230769231,7.40456795692444,0,0.024286089530083,0.154819698640544,0.127680632850249,0.0601018317269709,0.153562878665394,0.0514510855199716,0.0172834215374315,0
creditcard,HST,0.07,0.950642731797235,0.552040533755999,0.621643600096687,0.586342700587084,0.512906918035106,0.794342857142857,7.44649953842163,0,0.0101263544090175,0.0722790560240202,0.0477357856914712,0.0562022142852069,0.0361432216027451,0.0989812185854118,0.112145040391567,0
creditcard,HST,0.075,0.953127399783784,0.632199351852658,0.66622664546523,0.582554677103718,0.577396498741974,0.806293333333333,7.52746906280518,0,0.0278770974528667,0.181476307827953,0.145714417141257,0.0393603034204477,0.172940398882629,0.121844432690943,0.040474960327607,0
creditcard,HST,0.08,0.974732091847826,0.759050584409347,0.788094294368521,0.604052915851272,0.720196388203687,0.87605,7.50174179077149,0,0.00849697794668146,0.108812170730722,0.0790235081324339,0.0296749486577381,0.107662235746779,0.0469642151004358,0.0582929055059075,0
creditcard,HST,0.085,0.965037556027001,0.713931637913473,0.721051737909955,0.609648219178082,0.632191387175319,0.849317647058824,7.45596604347229,0,0.0167047267948423,0.0995185958661173,0.11927852105959,0.0459288186254494,0.144769609395439,0.0683132617439967,0.0195285147777541,0
creditcard,HST,0.09,0.968073277655678,0.726228522647989,0.768997622395962,0.605703953033268,0.692901151824332,0.8648,7.45879020690918,0,0.0111592696847788,0.053230106662284,0.067897805568108,0.0525896073626985,0.0721734451147531,0.061889307798303,0.0903113555954282,0
creditcard,HST,0.095,0.937575136493166,0.622030310832271,0.667650434627308,0.571017455968689,0.573756218134072,0.817221052631579,7.39452838897705,0,0.0478028527099126,0.198672735218207,0.179313652142198,0.0346183531438669,0.196006612565972,0.123371061584819,0.0247833752460348,0
creditcard,HST,0.1,0.939876205777778,0.681866631865183,0.709575604643586,0.570750371819961,0.639101691685408,0.8012,7.41264867782593,0,0.0674631382218912,0.160683243956567,0.140805648640553,0.0434047184313155,0.101667910263811,0.192853156572559,0.0344620895633404,0
creditcard,PW-AE,0.005,0.788875754773869,0.137547671291454,0.271400398313745,3.95021143525653,0.24754714127694,0.3064,24.951115655899,0,0.0262328315455958,0.00909447326075083,0.00960663022572142,0.483736816758177,0.027019130378417,0.0350542436803306,0.0985071117769401,0
creditcard,PW-AE,0.01,0.688493365656566,0.140824626042467,0.262916780440826,2.72667091217082,0.23903301509079,0.3108,24.9852746963501,0,0.0122692023231123,0.0116880684510514,0.013707382938138,0.603129467848997,0.052499028530332,0.0473835414463715,0.246835069188835,0
creditcard,PW-AE,0.015,0.648490617935702,0.155217839673155,0.293482943128902,2.19247302957854,0.259018805981396,0.345333333333333,25.4526795387268,0,0.0107824875855425,0.00703084926480539,0.0118838191748184,0.186592054914483,0.0326875911562382,0.0307245829914744,0.204996079661886,0
creditcard,PW-AE,0.02,0.622547183673469,0.170273006750832,0.306632608850188,2.12457137764624,0.292430304858064,0.3246,25.0608981132507,0,0.00649108376821989,0.0135812625087544,0.0102866682727143,0.128148170559598,0.0257348177706067,0.0146901327427631,0.118341380003886,0
creditcard,PW-AE,0.025,0.614208321641026,0.188486112055087,0.327310295082366,2.114666640769,0.338619690406307,0.31776,25.5762719154358,0,0.0113260604199727,0.00506848402275248,0.0122190791347684,0.10349023646451,0.0228829309829663,0.0152881653575568,0.267627359755579,0
creditcard,PW-AE,0.03,0.605392324398625,0.203477341313092,0.348871542847185,2.06500274521523,0.377394834930311,0.324933333333333,25.3693920612335,0,0.0118501089816037,0.00712259504524043,0.00662866045036423,0.0657710548524147,0.0182139563844608,0.00932857021317963,0.376719385832991,0
creditcard,PW-AE,0.035,0.602929828571429,0.221200232582808,0.364137777928041,2.07975437220929,0.422533048605292,0.320571428571429,25.2955591678619,0,0.0116991006250418,0.00624514094764929,0.00949788045798952,0.107411518256848,0.0226722307151202,0.0124474405204526,0.0988705263261465,0
creditcard,PW-AE,0.04,0.59847345,0.229537111930349,0.371893474082941,2.02075336685365,0.438738714607658,0.3231,25.2244636535644,0,0.00588672926966455,0.0112296347892997,0.00630842340446088,0.0606284556721829,0.0194003749507407,0.00695880736908272,0.124383734695429,0
creditcard,PW-AE,0.045,0.59429079045957,0.244928380835873,0.388457908903207,2.03260281092991,0.483116313122862,0.325244444444444,25.2343475341797,0,0.00760705415524896,0.0126098356497776,0.00737993963297211,0.0757628929881904,0.019712187805745,0.0106962552579494,0.13977091444101,0
creditcard,PW-AE,0.05,0.596117611789474,0.258044128116766,0.391192364350506,2.00705998141212,0.503512572313584,0.32024,24.9151442527771,0,0.00686748708127532,0.010272180317689,0.00404564857854584,0.0570027455241173,0.0235972196956303,0.00563276131218072,0.0469856200520309,0
creditcard,PW-AE,0.055,0.593136706493506,0.269343205669505,0.401287947371112,1.96980197593538,0.521095183746882,0.326472727272727,24.8624623298645,0,0.00614318540730808,0.0138991396058264,0.00907837217170382,0.0566271308371069,0.0247529020796301,0.00494197738722749,0.0784989187639259,0
creditcard,PW-AE,0.06,0.589193507801418,0.277828554748683,0.40353777158399,2.0058912409483,0.553283157675176,0.318733333333333,24.9111727714539,0,0.00683113924104222,0.0113635666484463,0.0101491738867966,0.138782374939836,0.0348809122736683,0.017929491533969,0.0603360508549203,0
creditcard,PW-AE,0.065,0.59021034965035,0.284425536804307,0.407676265146616,1.90368756626122,0.543892024916982,0.326769230769231,24.8812477588654,0,0.0106299691906083,0.0133770809858445,0.00811425762624913,0.0949771892223978,0.02843892685638,0.0140109847015723,0.0363624755059146,0
creditcard,PW-AE,0.07,0.587535155760369,0.293044626371741,0.410649808198628,1.87172308145323,0.556796620359706,0.325485714285714,24.8817569255829,0,0.00769994449841356,0.0117953846657612,0.0104342833690586,0.0827755350352186,0.022758682347014,0.00975286457134205,0.0382850114359628,0
creditcard,PW-AE,0.075,0.584804242450451,0.298114556484338,0.413837208821566,1.90520249797607,0.584511819262938,0.320586666666667,25.3041055679321,0,0.00719986977713989,0.00783373688838493,0.00949560753139535,0.0858814684073802,0.0244440864055341,0.00970754574773894,0.279719662064367,0
creditcard,PW-AE,0.08,0.586761840217391,0.312801604836136,0.423265034346971,1.88763440521581,0.609169585837735,0.32435,25.1758706092834,0,0.0131334662116242,0.0125307157219838,0.00905996825883824,0.0563334868610014,0.0205210915846067,0.00563083031177462,0.20511733557952,0
creditcard,PW-AE,0.085,0.584876339183542,0.321114108329193,0.428397849565857,1.8339582604189,0.610952563322014,0.330352941176471,24.9740718364716,0,0.0110585236779,0.0123022628853343,0.0110895541087112,0.0970753857339484,0.0288755104375916,0.0139489925967314,0.0842317052994757,0
creditcard,PW-AE,0.09,0.585739045665446,0.326721735424465,0.428386734910462,1.82502005415771,0.621840390353175,0.327022222222222,24.9231359004974,0,0.0128345055518228,0.0127794503028301,0.0117124360963062,0.0903689069068327,0.0306698809333453,0.00986025817907547,0.0748392795740108,0
creditcard,PW-AE,0.095,0.586706882698459,0.33504932265396,0.431118344870742,1.7987370571555,0.628264902095915,0.328252631578947,24.8624729156494,0,0.0128282475519602,0.0078001681407727,0.00592942558748552,0.0577946092700563,0.0173281956147467,0.00556084451227967,0.097397820694966,0
creditcard,PW-AE,0.1,0.589304230222222,0.341670103728085,0.43405213676499,1.77297367533107,0.640021838615906,0.32852,24.8710256099701,0,0.0101737562695609,0.00864881162269104,0.00598552320378896,0.0620110832663114,0.0248551288999636,0.00275898532072933,0.069536868472529,0
shuttle,DAE,0.005,0.987016048786908,0.826129373159748,0.888228349662189,5.0609789425017,0.923259581416485,0.856,19.1449715614319,0,0.00650203547890642,0.0288502569530162,0.0123900421091823,0.548364737129149,0.00740910545190838,0.0219089023002067,0.0177101764348129,0
shuttle,DAE,0.01,0.982967823454569,0.862468345132964,0.890354009896962,4.52119798632825,0.952214804941245,0.8368,19.2211993217468,0,0.00271377604348126,0.0158402114798252,0.0261125328361882,0.36713969880689,0.0127846316002812,0.0427691477586355,0.0244751977426816,0
shuttle,DAE,0.015,0.980076965150119,0.856079767020901,0.878665661736929,4.30664790337876,0.96225924600976,0.808533333333333,19.3113720417023,0,0.00216893302564232,0.0214028664901372,0.0135191544926146,0.444883146113856,0.0126860332902608,0.0169075919830905,0.070487494438383,0
shuttle,DAE,0.02,0.98185158601325,0.877260978536436,0.88643741225179,4.04733681544358,0.952742104410832,0.829,19.5683484077454,0,0.00225213039199285,0.0163535718536219,0.0216009109806802,0.151990165944541,0.0131150074819014,0.0298914703552702,0.093197789939196,0
shuttle,DAE,0.025,0.981580267626025,0.879712099484599,0.883392194115034,3.59189304446243,0.946854885512614,0.828,19.929980134964,0,0.00482958272778494,0.0211282390917634,0.0251938231027522,0.253380337895115,0.0232981915308719,0.0279485241113015,0.696509224323625,0
shuttle,DAE,0.03,0.982486450518434,0.900707441040713,0.891290356576646,3.23545573621282,0.953674179623986,0.8368,20.1598556518555,0,0.00222008545449965,0.0148189254160047,0.0161041332757546,0.241890361184782,0.0176536377672667,0.021516918408029,0.606359324927442,0
shuttle,DAE,0.035,0.981842803868356,0.901832404787538,0.903847522917229,3.31106695272552,0.96481799861713,0.850285714285714,19.7830101013184,0,0.0043632210429381,0.00631797860303321,0.0141433844419417,0.215673615372504,0.0190616909058185,0.0158100975225793,0.0561440091907943,0
shuttle,DAE,0.04,0.981889417803712,0.893569723063666,0.886257400012524,2.96180257089116,0.950744377886831,0.8306,19.9014789104462,0,0.0047069711032528,0.0269622032674696,0.0246176467947914,0.143226885547537,0.0107170026047517,0.0393246106147283,0.0601164265934756,0
shuttle,DAE,0.045,0.981437858601812,0.887177664057267,0.871752608321003,2.90709820400126,0.926802354979834,0.823466666666667,20.191644525528,0,0.00222698731887114,0.032295687182747,0.0447353046593197,0.278134896564074,0.0440300802710613,0.0504463044199437,0.275682074763878,0
shuttle,DAE,0.05,0.982103198350371,0.904233156529778,0.883244351398248,2.72679656833618,0.936097216677672,0.83648,20.3308174610138,0,0.00193898569322326,0.0235361636416463,0.0346611769996033,0.167864142851004,0.0506140826683958,0.0248538125847927,0.219275696714588,0
shuttle,DAE,0.055,0.982287485392246,0.926572343159753,0.910802580236632,2.6942165009205,0.957968539208082,0.868436363636364,20.2205602645874,0,0.00181719589909619,0.00612620763903891,0.0107256100747321,0.276281828087064,0.026975968775885,0.00823377442746119,0.0726674766178343,0
shuttle,DAE,0.06,0.981032526067945,0.904863209466922,0.87213695983189,2.70470691888235,0.924797495241442,0.825333333333333,21.4326979160309,0,0.00176384070537944,0.02268529659675,0.0356085022311647,0.0937381752915805,0.0435032054979198,0.0314624997240983,1.96808143151178,0
shuttle,DAE,0.065,0.982749664708126,0.922349847826792,0.899244253003825,2.66418435843429,0.958306633867008,0.847815384615385,20.4071181297302,0,0.00131903636531812,0.00939463896934688,0.0196850280116885,0.273597105330608,0.0134605781113336,0.0359582927371149,0.112580275324375,0
shuttle,DAE,0.07,0.982457284504641,0.929797568085515,0.91231281556093,2.62261497420457,0.963204321904423,0.866628571428571,20.5636432170868,0,0.00155902767360267,0.00620787003145485,0.00870818547352642,0.121426960381794,0.00747106593526146,0.0139787009994725,0.210326504654988,0
shuttle,DAE,0.075,0.977915990581904,0.879393992364859,0.840267492457844,2.30760587849689,0.870301226668588,0.816213333333333,20.9814096927643,0,0.00467535444730225,0.0610053674562993,0.0781313890336461,0.340283879855333,0.127686823252553,0.034488465060397,0.540372651001948,0
shuttle,DAE,0.08,0.98179469573992,0.917699199482464,0.883505207483883,2.34127286960368,0.924660792682258,0.8464,20.5734820365906,0,0.00193605315495582,0.0221584155570177,0.0362689826997792,0.121223512878232,0.0567243907087723,0.0189444912837479,0.105858069556292,0
shuttle,DAE,0.085,0.982259635956344,0.923439363349424,0.885622677607564,2.37128099161654,0.928758878529103,0.846588235294118,20.723668050766,0,0.00252010616940718,0.0158935522427973,0.0290547427693137,0.0876374220213549,0.0306499786701055,0.0321540410048438,0.0569322374162003,0
shuttle,DAE,0.09,0.982756220757021,0.932693954252406,0.898060835944155,2.29409457489298,0.941271763587309,0.859022222222222,20.8136283397675,0,0.000750162623245302,0.013325148564545,0.0271726042580572,0.101637485769112,0.035428770932788,0.0272947333589431,0.0538333622296233,0
shuttle,DAE,0.095,0.98014439918581,0.923821882890527,0.882674223962028,2.22006954274449,0.930354772872486,0.840168421052632,20.8329188346863,0,0.00200832723106201,0.0230151459007924,0.0462069641920439,0.10338877629597,0.044084982840708,0.0526158713402859,0.114480757184583,0
shuttle,DAE,0.1,0.980277712,0.928589380428868,0.885267980836546,2.13025089559862,0.927602184854881,0.84676,20.7812763690948,0,0.000979292460773258,0.0169623038642437,0.0319544225216888,0.0635217196947739,0.0405086920831636,0.0259423977303564,0.0321638690036648,0
shuttle,HST,0.005,0.961858061685605,0.251700188553593,0.323523392974701,0.770414716242661,0.263456468307143,0.6288,6.00784749984741,0,0.0205389047931357,0.207209723024661,0.191184384390384,0.127419750532132,0.176901695770587,0.378210523386116,0.019117888377557,0
shuttle,HST,0.01,0.962578357390427,0.261195854811462,0.405966014345598,0.662456046966732,0.284113298541568,0.7872,6.05698738098145,0,0.00580979517335492,0.0496913881875635,0.0861465515117888,0.0692883534750448,0.084361266251448,0.142923755898031,0.0336549968547483,0
shuttle,HST,0.015,0.96653903976367,0.588623023586274,0.67126273019352,0.787411663405088,0.689080681037113,0.7528,6.06925973892212,0,0.0151476847348019,0.0982189802246153,0.119798880702474,0.0717313501250901,0.207970637801285,0.223365370836414,0.015323571892731,0
shuttle,HST,0.02,0.963490064932216,0.526401668615515,0.623816674289308,0.685087749510763,0.508906044383808,0.8404,6.11490788459778,0,0.0158420936832094,0.25449629568223,0.163958124129319,0.0665280688237813,0.178306357009586,0.0874088096246597,0.0303641067949502,0
shuttle,HST,0.025,0.974562646426535,0.741002932848797,0.750459635405524,0.749543953033268,0.696264121256333,0.82064,6.29283638000488,0,0.00473800819926342,0.108449758814059,0.0902572421919705,0.099948328137143,0.11387943202784,0.0793441113126866,0.211027584224638,0
shuttle,HST,0.03,0.964042296611533,0.557012325850971,0.630044162795337,0.659392563600783,0.538622284898175,0.768933333333333,6.32479238510132,0,0.0150027814719516,0.182445378093567,0.137513319365216,0.0428372733251961,0.151314550995973,0.113772287193909,0.168151878776575,0
shuttle,HST,0.035,0.968194824225483,0.564835226967972,0.70404755917585,0.663411663405088,0.602996533278234,0.8528,6.21415762901306,0,0.00767393943854354,0.107292326013487,0.0661858622918441,0.0589819057077212,0.0797974335887187,0.07531224796723,0.0122750974561875,0
shuttle,HST,0.04,0.967998134295617,0.697943763691707,0.766648241831392,0.716805636007828,0.713423745538201,0.8453,6.22254557609558,0,0.0120978638905135,0.21764610589537,0.161128546585399,0.100448399204994,0.211850899706432,0.10736538082641,0.0728370108906375,0
shuttle,HST,0.045,0.966388724608432,0.656746296606853,0.740972789823311,0.635473659491194,0.650612001026442,0.885777777777778,6.29069919586182,0,0.00893588485720723,0.150007013110184,0.119617249737647,0.119607739960561,0.159578284148262,0.0468304005935577,0.0605928285132068,0
shuttle,HST,0.05,0.951080584389944,0.514976693853503,0.640133235030879,0.586741917808219,0.536376512270316,0.85584,6.3501166343689,0,0.0199035647765044,0.231770579962589,0.134983125569249,0.128261569195583,0.19957623806898,0.0698424512742787,0.0952253700383359,0
shuttle,HST,0.055,0.960707073543313,0.679524946817651,0.724331551900338,0.674241252446184,0.682416123627133,0.796290909090909,6.32211661338806,0,0.0192677886100099,0.193940241929136,0.16307028650262,0.0474925647692888,0.167046500243943,0.194174395499944,0.0239179867888902,0
shuttle,HST,0.06,0.970207653665599,0.769567354262615,0.818460406328564,0.665620978473581,0.75430883444847,0.908866666666667,6.57399649620056,0,0.010810008515066,0.163502090747915,0.0930869332458031,0.105782992192306,0.144963477277758,0.025150215373498,0.132091447237538,0
shuttle,HST,0.065,0.956311482270198,0.706791178155513,0.74523766693142,0.662864970645793,0.703837372944271,0.816430769230769,6.41568841934204,0,0.0305518458370462,0.263048734375114,0.218353979916693,0.123525660130494,0.251198835045364,0.169753960485733,0.106868557028047,0
shuttle,HST,0.07,0.957889759387281,0.700047084446683,0.743951851026691,0.618450097847358,0.663148403027636,0.907085714285714,6.40773873329163,0,0.0223623772912123,0.19403320883909,0.167657763458996,0.136678630122859,0.232112740861404,0.0379781892293835,0.058400833322496,0
shuttle,HST,0.075,0.960147441758435,0.686277373731626,0.765291941422306,0.613502935420744,0.695068038264347,0.867786666666667,6.58206043243408,0,0.0204638598986624,0.212962227455889,0.134092384799505,0.0720320334477979,0.171199920312906,0.0866491059131919,0.0892240607793167,0
shuttle,HST,0.08,0.973045668077919,0.800011167096199,0.855083122564468,0.693924070450098,0.809842877649494,0.91,6.46181397438049,0,0.00704096139841817,0.108172039146966,0.0480675030065746,0.0768733462421911,0.0839894045458322,0.020589742591883,0.090922064007472,0
shuttle,HST,0.085,0.969553057311197,0.776740845412111,0.828521484264508,0.616187866927593,0.749167162686676,0.936188235294118,6.46854729652405,0,0.010402660673791,0.114528785279248,0.0675413768380889,0.074951549534817,0.111871329741732,0.00920869154657706,0.0268995623539924,0
shuttle,HST,0.09,0.968527414896215,0.811536143668685,0.834651098964798,0.656766810176125,0.773651899998366,0.908488888888889,6.46377220153809,0,0.00501174612859324,0.0681133715101057,0.0365229811572775,0.0552421700139507,0.0532937463862999,0.0352067614157098,0.0239154522095839,0
shuttle,HST,0.095,0.928975169060773,0.574152942884377,0.67244086339155,0.614755381604697,0.626562534940832,0.759747368421053,6.47958655357361,0,0.0396493826470086,0.189092036357433,0.170172592414879,0.0744997486390827,0.186343317536284,0.171590015787649,0.0323220013339411,0
shuttle,HST,0.1,0.965457819555556,0.757574013336947,0.826370318874842,0.651695342465753,0.779557901292051,0.88616,6.48700971603394,0,0.0058009307051834,0.071656050039801,0.0420784957364216,0.0610167179869382,0.0852519051508384,0.0463946979729365,0.0399334736973363,0
shuttle,PW-AE,0.005,0.985297380774799,0.767516309524571,0.826977322797036,5.41246839021821,0.877016474443947,0.7888,21.1264805793762,0,0.00643839116617182,0.16696110673092,0.178059740915459,1.10384460161625,0.126096582183048,0.20963587479246,0.0363849672449195,0
shuttle,PW-AE,0.01,0.984071320142149,0.873779255947665,0.902470801243882,5.08902600351979,0.95208721360893,0.858,21.1944124221802,0,0.00289246825013725,0.0160903248587959,0.0172722022919905,0.385141656704711,0.0135302796843946,0.0250199920063936,0.0632267466869859,0
shuttle,PW-AE,0.015,0.981525351350561,0.884460244345733,0.899705958638637,5.30877792584621,0.968962519471743,0.839733333333333,21.3410754203796,0,0.00210608876040264,0.00566894353819787,0.0066812052367779,0.309441348497471,0.00806104389346178,0.00876356092008268,0.0451527462441131,0
shuttle,PW-AE,0.02,0.982535405606985,0.900773241106886,0.914185218387024,4.88976883210231,0.96862568832633,0.8656,21.5409984111786,0,0.0026315773403344,0.0132299248187741,0.0115046525032892,0.322496623492273,0.00689318278903622,0.0160405735558302,0.0994095245737452,0
shuttle,PW-AE,0.025,0.984557185100689,0.919374623690044,0.926497910115421,4.56798024212261,0.97256348631954,0.88464,21.9144414424896,0,0.0029843482058441,0.0129469088626341,0.0120786586396018,0.340359975350796,0.0115309485444477,0.0141240220900422,0.608818236413373,0
shuttle,PW-AE,0.03,0.984210734289767,0.927384134292444,0.923283541499907,4.23737509276256,0.973914350567171,0.877866666666666,22.4165010929108,0,0.00155465868771081,0.0121439890546448,0.0168851874149857,0.390444561250572,0.00929283396818442,0.0256792177104798,0.62846072857875,0
shuttle,PW-AE,0.035,0.983130936189682,0.922274379525178,0.924474161356757,4.08347451443727,0.977902249682411,0.8768,21.8398985862732,0,0.00317578051546402,0.0192273855478927,0.0181464058541573,0.173952637041971,0.0115959303212449,0.0264639917084112,0.0568177343269129,0
shuttle,PW-AE,0.04,0.984307155705699,0.924783651247858,0.920900676080673,3.80943371202799,0.969576240116082,0.877,21.9764746189117,0,0.00207457122265538,0.0212568214910732,0.0289126753602143,0.13141917767659,0.0259490781990941,0.0328842667547872,0.0715694893067679,0
shuttle,PW-AE,0.045,0.985436468311421,0.94070365332765,0.932657559832381,3.68569501708285,0.974297613455009,0.894666666666667,22.1191123008728,0,0.00102206039312838,0.0044163826056584,0.0109469825236722,0.215344507117276,0.0218059541250811,0.00998270108676276,0.126656627924363,0
shuttle,PW-AE,0.05,0.986137966919668,0.943411629521918,0.934658253169717,3.3893038560219,0.980120259922236,0.89328,22.5079589366913,0,0.00122744775517908,0.00510820539742648,0.0106271326632607,0.1583521409311,0.00546624709074783,0.0152640754715115,0.154727057201697,0
shuttle,PW-AE,0.055,0.98517643774205,0.949045956869727,0.940192349113003,3.42378550875383,0.978064496469943,0.905236363636364,22.2958603382111,0,0.00261025614714806,0.00734491097020184,0.0132000965053565,0.226017468228765,0.0102645401609966,0.0182264905749211,0.0772923207313171,0
shuttle,PW-AE,0.06,0.985668946606414,0.949588352047655,0.941362074900061,3.15905201564497,0.978550366034173,0.907,24.049730682373,0,0.00190318350987521,0.00923212713730749,0.0108624750669183,0.0817654407876021,0.00555262135569107,0.0172996467529767,2.24011063202756,0
shuttle,PW-AE,0.065,0.986281755869717,0.950806166713335,0.941283304327187,2.92256351224873,0.978495508725573,0.906830769230769,22.757624578476,0,0.000677831735446346,0.00828323274745623,0.0132815688127532,0.260680169935572,0.00981220194446313,0.0166287695375022,0.153933376385837,0
shuttle,PW-AE,0.07,0.985010504478192,0.949620159786588,0.936733721247002,2.92006869742911,0.979431629483889,0.897657142857143,22.6958886623383,0,0.00106729709349632,0.00578973599755328,0.0123147936928459,0.109641742320996,0.011580791832745,0.0149589915626498,0.174253747631147,0
shuttle,PW-AE,0.075,0.986036737594876,0.954009024403735,0.938791693477233,2.64151215363012,0.97316289976954,0.90688,22.9860788345337,0,0.000977813335617705,0.00415016738247844,0.00662950144051187,0.240351101406861,0.0104978775484448,0.0109583453738844,0.142769144438964,0
shuttle,PW-AE,0.08,0.985883048523669,0.954010894018096,0.9427049929217,2.73229428349239,0.982424273749189,0.90625,22.7891522884369,0,0.000302612659396341,0.00774023083115289,0.0128227149553396,0.241164136477008,0.00527593308733579,0.0216996543751277,0.141120253278057,0
shuttle,PW-AE,0.085,0.986315325912755,0.957580924240811,0.944381786300189,2.7141087573266,0.982281747409001,0.909364705882353,22.8628534793854,0,0.0018168969159707,0.00423773793884488,0.00712013302129628,0.167620652797498,0.00575328926600938,0.0118682502215701,0.0854399880060822,0
shuttle,PW-AE,0.09,0.986467114041514,0.960845413476222,0.948773643530132,2.41694964739067,0.981833077328645,0.918,22.9628379821777,0,0.00144279905126912,0.00318345462904256,0.00473154768598194,0.317498930210912,0.00970434496346749,0.0106955627120968,0.0603399048745661,0
shuttle,PW-AE,0.095,0.985685137307357,0.959427558185794,0.945451704121391,2.45472764028681,0.984190804515664,0.909726315789474,22.9749403476715,0,0.00103002541915888,0.00369315349626569,0.00849442555744411,0.183919073850035,0.00393798442540555,0.0144248170269292,0.0576769068774301,0
shuttle,PW-AE,0.1,0.985554240888889,0.961059028212217,0.946921353463271,2.48152371389448,0.985276294459256,0.91152,23.001279592514,0,0.000770094500588082,0.00422396498562508,0.0118042064204044,0.193256876540286,0.00790001421927145,0.0169985881766693,0.0444816086449872,0
